,ID,CONTENT,CREATEDAT,RETWEET,RTID,RTUSERNAME,OPEN_DATE,USERID,USERNAME,FULLNAME,DESCRIPTION,GEO_ENABLED,LATITUDE,LONGITUDE,LOCATION,TIMEZONE,LANGUAGE,FOLLOWERS,FRIENDS,RTFOLLOWERS,TRANSLATOR,STATUS_COUNT,PROFILE_IMAGE,BACKGROUND_IMAGE,BANNER_IMAGE,IS_FRIEND,IS_FOLLOWER,IS_DEFAULT_PROFILE,SIZE,LAST_UPDATED,INREPLYTO,SOURCE,CONTENT_LANGUAGE,EMOJI_COUNT,URL_LIST,WORD_COUNT,SENTIMENT,PFP_CONTAIN_FACE,ESTIMATE_AGE,CLUSTER,TWEET_LANG_SAME_PROFILE_LANG,TIME_AFTER_PFP_CREATION
0,6.48115e+17,RT ï¿½ï¿½ï¿½ï¿½ï¿½ï¿½,40:36.0,1,6.48112e+17,daaaarrren,29:19.0,2179908942,ArzetteJimenez,Zetty,Just take my hand and fall inlove with me.,1,,,"Gagalangin, Manila",Beijing,en,8164,6130,199,0,38396,http://pbs.twimg.com/profile_images/698179483908460544/wIDtBxit.jpg,http://pbs.twimg.com/profile_background_images/485083979117101056/woewWLio.jpeg,https://pbs.twimg.com/profile_banners/2179908942/1455509655/web,1,0,0,8328,41:53.6,-1,,nl,0,['https://t.co/lXg6iGsr1a'],2,0.0,False,,[1],False,-1
1,5.50435e+17,RT HAPPY NEW YEAR ï¿½ï¿½ï¿½ï¿½ï¿½ï¿½ MAGBAGO KA NA HA ï¿½ï¿½ï¿½ï¿½ï¿½ï¿½ KEEP SAFE GODBLESS ï¿½ï¿½ï¿½ï¿½ï¿½ï¿½,36:25.0,1,5.50406e+17,xlyhills,39:22.0,852719683,asdfghjklfelix,ã…¤ã…¤ã…¤ã…¤ã…¤ã…¤ã…¤,,1,,,,Hawaii,en,34588,17522,2022,0,3041,http://pbs.twimg.com/profile_images/695065695105609729/7XVnpG4F.jpg,http://pbs.twimg.com/profile_background_images/635498994571939840/QVemr4MD.jpg,https://pbs.twimg.com/profile_banners/852719683/1449719751/web,1,0,0,5440,59:05.3,-1,,af,0,[],14,0.4787878787878788,False,,[0],False,-1
2,7.04334e+17,"RT How bloggers help make science, technology, engineering, mathematics reality Ghana I share EvolveWithStem afterâ€¦",56:00.0,1,7.04275e+17,OyooQuartey,22:05.0,112669016,airtelghana,Airtel Ghana,"We are more than a communication network, we are a life-enriching network! Like us on https://t.co/YwCIjJbFok and Instagram @AirtelGhana",1,,,Ghana,Amsterdam,en,57378,11788,6279,0,28894,http://pbs.twimg.com/profile_images/649552415662964736/DeppnEOz.png,http://pbs.twimg.com/profile_background_images/610513370794491905/M-pTwluA.jpg,https://pbs.twimg.com/profile_banners/112669016/1456555321/web,1,0,0,7712,36:32.8,-1,,en,0,[],15,0.0,False,,[0],True,-1
3,6.02601e+17,RT follow people like new YouTube video share I really think guy go like oneâ€¦,25:12.0,1,6.02601e+17,BrentRivera,32:30.0,2854679313,anty_4tsa,Addie Fortsa,one dream one band ONE DIRECTION             my instagramâž¡@addie_4tsa,1,,,,Kyiv,el,2468,2496,2134742,0,16980,http://pbs.twimg.com/profile_images/639056539517624320/pKAPy0hP.jpg,http://abs.twimg.com/images/themes/theme1/bg.png,https://pbs.twimg.com/profile_banners/2854679313/1429649284/web,1,0,0,5792,11:00.8,-1,,en,0,[],15,0.16818181818181818,False,,[0],False,-1
4,6.55199e+17,RT Mahahalata mo naman na nagiging close lang siya say yo kapag may kailangan,50:53.0,1,6.55189e+17,BobOngQuotes,29:19.0,2179908942,ArzetteJimenez,Zetty,Just take my hand and fall inlove with me.,1,,,"Gagalangin, Manila",Beijing,en,8164,6130,1137755,0,38396,http://pbs.twimg.com/profile_images/698179483908460544/wIDtBxit.jpg,http://pbs.twimg.com/profile_background_images/485083979117101056/woewWLio.jpeg,https://pbs.twimg.com/profile_banners/2179908942/1455509655/web,1,0,0,5416,41:51.2,-1,,tl,0,[],14,0.0,False,,[0],False,-1
5,5.82894e+17,RT Tomlinson Big love fan Seriously thank guy unbelievable cannot wait play Cape Town Gonna â€¦,15:16.0,1,5.82697e+17,Louis_Tomlinson,32:30.0,2854679313,anty_4tsa,Addie Fortsa,one dream one band ONE DIRECTION             my instagramâž¡@addie_4tsa,1,,,,Kyiv,el,2468,2496,21722419,0,16980,http://pbs.twimg.com/profile_images/639056539517624320/pKAPy0hP.jpg,http://abs.twimg.com/images/themes/theme1/bg.png,https://pbs.twimg.com/profile_banners/2854679313/1429649284/web,1,0,0,5376,11:14.8,-1,,en,0,[],16,-0.02083333333333333,False,,[0],False,-1
6,5.30695e+17,RT Delaney declare winner Mds 6th Congressional District absentee ballot count,16:20.0,1,5.30592e+17,ddishneau,41:29.0,317949707,APBrianWitte,Brian Witte,Maryland statehouse reporter for The Associated Press,1,,,"Annapolis, Md.",Hawaii,en,2493,1971,646,0,2242,http://pbs.twimg.com/profile_images/601072825923809281/2oSONSzq.jpg,http://pbs.twimg.com/profile_background_images/378800000027155890/c25a17be7b3fc702d542bf1bf0d9d023.jpeg,https://pbs.twimg.com/profile_banners/317949707/1366920652/web,1,0,0,7384,22:27.7,-1,,en,0,['http://t.co/CDpW0NEgo5'],11,0.0,False,,[1],True,-1
7,6.61722e+17,RT Punishment drivers guilty pass cyclists inch spare stand still sledge hammer mâ€¦,47:58.0,1,6.61498e+17,carltonreid,33:35.0,20519933,ARTCRANK,ARTCRANKÂ®,"Art That Loves Bikes. nLimited edition, handmade, bike-inspired posters by independent artists, for sale at live pop-up shows and our NEW online poster shop!",1,,,USA + UK,Mountain Time (US & Canada),en,26496,17828,17970,0,36960,http://pbs.twimg.com/profile_images/649655262609960961/IvRc-fLk.jpg,http://pbs.twimg.com/profile_background_images/660435903/vmwggd2g7h40irmb6n9k.jpeg,https://pbs.twimg.com/profile_banners/20519933/1451671235/web,1,0,0,8064,29:16.1,-1,,en,0,[],13,-0.5,False,,[0],True,-1
8,3.65995e+17,RT Post When guy texts boyfriend,35:38.0,1,3.65865e+17,Girlfriend_Post,07:31.0,1110744925,AlreadyBaked,(:,Go follow my other account:n@JOSETHEBASEDGOD,1,,,,Arizona,en,18069,22558,712,0,945,http://pbs.twimg.com/profile_images/571260188637818880/0b8AART6.jpeg,http://pbs.twimg.com/profile_background_images/883544360/3e89c3f3dab05e0e9580e9f1f8d5181b.png,https://pbs.twimg.com/profile_banners/1110744925/1382537660/web,1,0,0,9448,36:10.2,-1,,en,0,['http://t.co/XHYrcR4TRZ'],6,0.0,False,,[1],True,-1
9,6.08559e+17,RT Had purple yesterday ha try em ha ï¿½ï¿½ï¿½ï¿½ï¿½ï¿½,57:44.0,1,6.08558e+17,zaynmalik,32:30.0,2854679313,anty_4tsa,Addie Fortsa,one dream one band ONE DIRECTION             my instagramâž¡@addie_4tsa,1,,,,Kyiv,el,2468,2496,18110653,0,16980,http://pbs.twimg.com/profile_images/639056539517624320/pKAPy0hP.jpg,http://abs.twimg.com/images/themes/theme1/bg.png,https://pbs.twimg.com/profile_banners/2854679313/1429649284/web,1,0,0,5584,10:51.5,-1,,tr,0,[],9,0.0,False,,[1],False,-1
10,5.52753e+17,RT wala eh ganun naman lahat ngayon eh kilala ka lang pag may kailangan hahahahahha hugot bh3,04:37.0,1,5.52751e+17,Ailuhhhh,39:22.0,852719683,asdfghjklfelix,ã…¤ã…¤ã…¤ã…¤ã…¤ã…¤ã…¤,,1,,,,Hawaii,en,34588,17522,840,0,3041,http://pbs.twimg.com/profile_images/695065695105609729/7XVnpG4F.jpg,http://pbs.twimg.com/profile_background_images/635498994571939840/QVemr4MD.jpg,https://pbs.twimg.com/profile_banners/852719683/1449719751/web,1,0,0,6112,59:04.6,-1,,tl,0,[],17,0.0,False,,[0],False,-1
11,6.326e+17,RT Almasood Ø§Ø³ØªÙ…ØªØ¹ Ø¨Ù…Ø§ Ø­ÙˆÙ„Ùƒ ÙØ§Ù„Ù„Ù‡ Ø³Ø®Ø± Ù„Ù†Ø§ Ø§Ù„ÙƒÙˆÙ† Ù„Ø®Ø¯Ù…ØªÙ†Ø§ ÙˆØ³Ø¹Ø§Ø¯ØªÙ†Ø§ ÙÙ„Ø¯ÙŠÙƒ Ø§Ù„Ø·Ø¨ÙŠØ¹Ø© Ù…Ù„ÙŠØ¦Ø© Ø¨Ø§Ù„Ø¬Ù…Ø§Ù„ Ùˆ Ø§Ù„Ø­Ø¨ Ù„Ø°Ø§ Ø¹Ù„ÙŠÙƒ Ø£Ù† ØªØªØ§Ù…Ù„ ÙƒÙ„ Ù…Ø§ Ù‡Ùˆ Ø¬Ù…ÙŠÙ„ â€¦,10:41.0,1,6.32585e+17,Adel_Almasood,04:19.0,132797342,Amazinggimages,Ø£ÙƒØ¨Ø± Ø­Ø³Ø§Ø¨ ØµÙˆØ±,"A picture is worth a thousand words... We welcome your comments, please share them with us. Ø§Ù„ØµÙˆØ±Ø© ØªØ¹Ø¨Ø± Ø¹Ù† Ø§Ù„Ù ÙƒÙ„Ù…Ø©",1,,,,Baghdad,en-gb,3148875,5,213970,0,3942,http://pbs.twimg.com/profile_images/605731342135869441/RCHPAi5h.jpg,http://abs.twimg.com/images/themes/theme1/bg.png,https://pbs.twimg.com/profile_banners/132797342/1433252770/web,1,0,0,6880,06:59.8,-1,,da,0,[],26,0.0,False,,[0],False,-1
12,7.02634e+17,RT Stuck love,19:38.0,1,7.01477e+17,beautfilms,22:39.0,282668705,assthetics__,Hmmm.,Interesting. [Ran by @vip],1,,,,Arizona,en,64640,20083,175132,0,21873,http://pbs.twimg.com/profile_images/614602400431673348/llCrLSTh.jpg,http://pbs.twimg.com/profile_background_images/519019541829914624/i-i2TDmj.jpeg,https://pbs.twimg.com/profile_banners/282668705/1435367659/web,1,0,0,16424,32:03.4,-1,,en,0,['https://t.co/g2l0XBsnfb'],3,0.5,False,,[1],True,-1
13,6.39695e+17,RT Hahaha Nee Vandaag de shirt,03:45.0,1,6.39695e+17,andrederaad,47:47.0,18114762,Androidworld,Androidworld,Androidworld | Grootste Androidcommunity van de Benelux | AW Reader | Android | Nieuws | Reviews | Android apps en games | Android forum,1,,,Nederland,Amsterdam,nl,18543,480,241,0,29871,http://pbs.twimg.com/profile_images/669424076176408576/ZMrYXZxv.png,http://pbs.twimg.com/profile_background_images/873709499/c988d5ed1bf0f1411576df546816f314.png,https://pbs.twimg.com/profile_banners/18114762/1448438486/web,1,0,0,7360,42:47.5,-1,,nl,0,[],6,0.2,False,,[1],True,-1
14,4.32844e+17,RT org Ø®Ø·ÙˆØ© Ù…Ù† Ø®Ø·ÙˆØ§Øª Ø§Ù„Ø¥Ø¹Ø¯Ø§Ø¯ Ù„Ù€ Ø¨Ø¦Ø±Ø§Ù„ÙƒÙˆØ«Ø± Ø¶Ù…Ù† Ø­Ù…Ù„Ø©Ø³Ù‚ÙŠØ§Ù„Ù…Ø§Ø¡ Ø§Ù„Ø«Ø§Ù†ÙŠØ© ÙÙŠ Ø£ÙØ±ÙŠÙ‚ÙŠØ§ Ø§Ù„ØªÙŠ Ø£Ø·Ù„Ù‚ØªÙ‡Ø§ Ø¬Ù…Ø¹ÙŠØ©Ø§Ù„Ø£Ù…Ø©Ø§Ù„Ø¹Ø§Ù„Ù…ÙŠØ©n,51:00.0,1,4.32844e+17,alumma_org,40:58.0,527773466,AbouAmmarr,Ø¯. Ø£Ø¨Ùˆ Ø¹Ù…Ø§Ø± Ø§Ù„Ø³ÙˆØ¯Ø§Ù†ÙŠ,Ø¯Ø§Ø¹ÙŠØ© Ø§Ø³Ù„Ø§Ù…ÙŠ ÙˆØµØ§Ø­Ø¨ Ø¨Ø±Ù†Ø§Ù…Ø¬ (Ù…Ù† Ø¯Ø§Ø®Ù„ Ø±ÙÙˆÙ…ÙŠÙ‘Ø©)ØŒ Ø£ÙˆÙ„ Ø¨Ø±Ù†Ø§Ù…Ø¬ Ø§Ø³Ù„Ø§Ù…ÙŠ Ø¹Ù„Ù‰ Ù‚Ù†Ø§Ø© Ø£ÙˆØ±ÙˆØ¨ÙŠØ© | http://t.co/Jyq4Ie9IzW,1,,,,Amsterdam,ar,2153969,457610,840,0,3716,http://pbs.twimg.com/profile_images/535475203027898368/gniDKrUW.jpeg,http://abs.twimg.com/images/themes/theme14/bg.gif,https://pbs.twimg.com/profile_banners/527773466/1416425543/web,1,0,0,11168,19:33.3,-1,,da,0,['http://t.câ€¦'],16,0.0,True,,[0],False,-1
15,7.09741e+17,RT Find besttrained ADHDcoaches comprehensive ADHD coach train program accredit ICF,58:31.0,1,7.0801e+17,AttnTalkRadio,33:42.0,16485985,ADDCA,ADD Coach Academy,"We are the Gold Standard in ADHD Coaching and we provide the most comprehensive, effective and field-tested ADHD coach training in the world.",0,,,"Albany, New York",Eastern Time (US & Canada),en,3784,41,4903,0,2681,http://pbs.twimg.com/profile_images/2606871108/jkhnfxuiecye36n08r5l.jpeg,http://abs.twimg.com/images/themes/theme4/bg.gif,,1,0,0,7848,32:54.2,-1,"""<a href=\""http://www.hootsuite.com""\"""" rel=""""""""nofollow"""""""">Hootsuite</a>""""""""""""""",en,0,[],11,0.0,False,,[1],True,-1
16,6.40825e+17,RT Met dank aan collega mijn leven verrijkt meet Andy van android,53:34.0,1,6.4081e+17,JustusKam,47:47.0,18114762,Androidworld,Androidworld,Androidworld | Grootste Androidcommunity van de Benelux | AW Reader | Android | Nieuws | Reviews | Android apps en games | Android forum,1,,,Nederland,Amsterdam,nl,18543,480,239,0,29871,http://pbs.twimg.com/profile_images/669424076176408576/ZMrYXZxv.png,http://pbs.twimg.com/profile_background_images/873709499/c988d5ed1bf0f1411576df546816f314.png,https://pbs.twimg.com/profile_banners/18114762/1448438486/web,1,0,0,12336,42:47.0,-1,,nl,0,['http://t.co/hbw6dN7euM'],12,0.0,False,,[1],True,-1
17,6.50231e+17,RT Dito sumakay ang Salinggawi eh Kaya ganun ang performance nila SUPER LINES Char HAHAHAHAHA UAAAPCDC2015,48:24.0,1,6.50226e+17,karluwi,49:47.0,47308267,alyssanity,Alyssa.,I have trust issues,1,,,,Hong Kong,en,344,325,594,0,25536,http://pbs.twimg.com/profile_images/678786571617763328/UwvcWgTw.jpg,http://pbs.twimg.com/profile_background_images/306270084/threadlessCatastrophe.jpg,https://pbs.twimg.com/profile_banners/47308267/1433863888/web,0,0,1,10184,01:16.5,-1,,tl,0,['http://t.co/UOjN7Yâ€¦'],16,0.26666666666666666,False,,[0],False,-1
18,6.49964e+17,RT Hi ref ï¿½ï¿½ï¿½ï¿½ï¿½ï¿½,08:18.0,1,6.4996e+17,iamsuperbianca,49:47.0,47308267,alyssanity,Alyssa.,I have trust issues,1,,,,Hong Kong,en,344,325,5000099,0,25536,http://pbs.twimg.com/profile_images/678786571617763328/UwvcWgTw.jpg,http://pbs.twimg.com/profile_background_images/306270084/threadlessCatastrophe.jpg,https://pbs.twimg.com/profile_banners/47308267/1433863888/web,0,0,1,5776,01:16.7,-1,,ca,0,[],4,0.0,False,,[1],False,-1
19,4.41908e+17,RT Giveaways Our new Xbox LIVE 12 Month Gold Membership Giveaway Join nownn,07:35.0,1,4.41908e+17,FXL_Giveaways,47:14.0,471046122,allkeyshop,allkeyshop,"compare and buy your cdkey at best price for digital download on Steam, Origin and much more",1,,,europe,Beijing,en-gb,35146,1292,1562,0,4526,http://pbs.twimg.com/profile_images/378800000633574468/59167e230c605c5cc0620f85f9cced14.png,http://pbs.twimg.com/profile_background_images/427588718/394090_264149196992246_263765593697273_639402_1544902047_n.jpg,https://pbs.twimg.com/profile_banners/471046122/1409577363/web,1,0,0,11784,54:43.4,-1,,en,0,"['http://t.co/7xh8mFRStT', 'http://t.co/BkK1t2cijy']",13,0.13636363636363635,False,,[0],True,-1
20,4.61507e+17,RT 2nite intrvw w David Giwerc address ADHD The Power Pause httâ€¦,06:35.0,1,4.61475e+17,AttnTalkRadio,33:42.0,16485985,ADDCA,ADD Coach Academy,"We are the Gold Standard in ADHD Coaching and we provide the most comprehensive, effective and field-tested ADHD coach training in the world.",0,,,"Albany, New York",Eastern Time (US & Canada),en,3784,41,4903,0,2681,http://pbs.twimg.com/profile_images/2606871108/jkhnfxuiecye36n08r5l.jpeg,http://abs.twimg.com/images/themes/theme4/bg.gif,,1,0,0,12664,32:56.7,-1,"""<a href=\""http://www.hootsuite.com""\"""" rel=""""""""nofollow"""""""">Hootsuite</a>""""""""""""""",en,0,['http://t.co/ZS20uvgOPdn'],12,0.0,False,,[1],True,-1
21,3.23831e+17,RT Dr Russell Ramsay David Giwerc collaborate mutuality differences CBT ADHD coach Thats,10:09.0,1,3.23093e+17,ImpactADHD,33:42.0,16485985,ADDCA,ADD Coach Academy,"We are the Gold Standard in ADHD Coaching and we provide the most comprehensive, effective and field-tested ADHD coach training in the world.",0,,,"Albany, New York",Eastern Time (US & Canada),en,3784,41,5701,0,2681,http://pbs.twimg.com/profile_images/2606871108/jkhnfxuiecye36n08r5l.jpeg,http://abs.twimg.com/images/themes/theme4/bg.gif,,1,0,0,7000,32:59.0,-1,"""<a href=\""http://www.hootsuite.com""\"""" rel=""""""""nofollow"""""""">Hootsuite</a>""""""""""""""",en,0,[],13,0.0,False,,[0],True,-1
22,5.62586e+17,RT When encounter confuse concept read usually convince exam medschâ€¦,18:02.0,1,5.60814e+17,ShitMedStudzSay,49:47.0,47308267,alyssanity,Alyssa.,I have trust issues,1,,,,Hong Kong,en,344,325,3207,0,25536,http://pbs.twimg.com/profile_images/678786571617763328/UwvcWgTw.jpg,http://pbs.twimg.com/profile_background_images/306270084/threadlessCatastrophe.jpg,https://pbs.twimg.com/profile_banners/47308267/1433863888/web,0,0,1,6552,01:29.7,-1,,en,0,[],10,-0.25,False,,[1],True,-1
23,4.94581e+17,RT Timeless Back lab gear start new project circlehouse great meet timelessmusic doyouwanna htâ€¦,32:10.0,1,4.87023e+17,Shifta_Timeless,35:16.0,22821189,AbebeLewis,Abebe Lewis,The Man Behind The Music,0,,,"Miami, FL",Eastern Time (US & Canada),en,17430,1035,78280,0,31574,http://pbs.twimg.com/profile_images/2684616286/592cf228e9b8f352df02a6ddaf8e9263.png,http://pbs.twimg.com/profile_background_images/120723123/BBlogoBG.png,,1,0,0,11480,55:16.4,-1,"""<a href=\""http://www.hootsuite.com""\"""" rel=""""""""nofollow"""""""">Hootsuite</a>""""""""""""""",en,0,[],14,0.31212121212121213,True,,[0],True,-1
24,7.01355e+17,RT ideas TANGINA MO MIKE WAG KA UMAWAT,36:40.0,1,7.01355e+17,false_ideas,49:47.0,47308267,alyssanity,Alyssa.,I have trust issues,1,,,,Hong Kong,en,344,325,143,0,25536,http://pbs.twimg.com/profile_images/678786571617763328/UwvcWgTw.jpg,http://pbs.twimg.com/profile_background_images/306270084/threadlessCatastrophe.jpg,https://pbs.twimg.com/profile_banners/47308267/1433863888/web,0,0,1,5384,01:06.6,-1,,en,0,[],8,0.0,False,,[1],True,-1
25,4.54537e+17,RT Our new DarkSouls2 Giveaway upn,30:44.0,1,4.54537e+17,Freecdkey1,47:14.0,471046122,allkeyshop,allkeyshop,"compare and buy your cdkey at best price for digital download on Steam, Origin and much more",1,,,europe,Beijing,en-gb,35146,1292,11415,0,4526,http://pbs.twimg.com/profile_images/378800000633574468/59167e230c605c5cc0620f85f9cced14.png,http://pbs.twimg.com/profile_background_images/427588718/394090_264149196992246_263765593697273_639402_1544902047_n.jpg,https://pbs.twimg.com/profile_banners/471046122/1409577363/web,1,0,0,12280,54:41.3,-1,,en,0,"['http://t.co/wonkXeNvCl', 'http://t.co/0ZX0HsdR10']",6,0.13636363636363635,False,,[1],True,-1
26,4.6613e+17,RT Our new WolfensteinTheNewOrder CD key giveaway upn,16:38.0,1,4.6613e+17,Freecdkey1,47:14.0,471046122,allkeyshop,allkeyshop,"compare and buy your cdkey at best price for digital download on Steam, Origin and much more",1,,,europe,Beijing,en-gb,35146,1292,11415,0,4526,http://pbs.twimg.com/profile_images/378800000633574468/59167e230c605c5cc0620f85f9cced14.png,http://pbs.twimg.com/profile_background_images/427588718/394090_264149196992246_263765593697273_639402_1544902047_n.jpg,https://pbs.twimg.com/profile_banners/471046122/1409577363/web,1,0,0,12184,54:40.7,-1,,en,0,"['http://t.co/7esYw3ZVDP', 'http://t.co/xqWrHc5cuO']",8,0.06818181818181818,False,,[1],True,-1
27,6.49146e+17,RT Die hard aan het handsonen meet de Nexus 5X straks preview video foto via Blom,59:16.0,1,6.49146e+17,RuudC,47:47.0,18114762,Androidworld,Androidworld,Androidworld | Grootste Androidcommunity van de Benelux | AW Reader | Android | Nieuws | Reviews | Android apps en games | Android forum,1,,,Nederland,Amsterdam,nl,18543,480,1256,0,29871,http://pbs.twimg.com/profile_images/669424076176408576/ZMrYXZxv.png,http://pbs.twimg.com/profile_background_images/873709499/c988d5ed1bf0f1411576df546816f314.png,https://pbs.twimg.com/profile_banners/18114762/1448438486/web,1,0,0,11456,42:42.9,-1,,af,0,['http://t.co/jpidrrtâ€¦'],16,-0.2916666666666667,False,,[0],False,-1
28,5.65915e+17,RT For reason Iâ€™m always get forget â€“Eeyore,47:15.0,1,5.65907e+17,disneywords,49:47.0,47308267,alyssanity,Alyssa.,I have trust issues,1,,,,Hong Kong,en,344,325,3870353,0,25536,http://pbs.twimg.com/profile_images/678786571617763328/UwvcWgTw.jpg,http://pbs.twimg.com/profile_background_images/306270084/threadlessCatastrophe.jpg,https://pbs.twimg.com/profile_banners/47308267/1433863888/web,0,0,1,6216,01:28.9,-1,,en,0,[],8,0.0,False,,[1],True,-1
29,3.30357e+17,RT Almajed ØºØ¯Ø§Ù‹ ÙŠØµÙÙ‚ Ø§Ù„Ø¨Ø¹Ø¶ Ù„Ø­Ù…Ù„Ø© ØªÙÙ‚Øµ ÙÙŠÙ‡Ø§ Ø¥Ù‚Ø§Ù…Ø© Ù‡Ø°Ø§ Ø§Ù„Ø±Ø¬Ù„ Ø› Ù„Ø£Ù† Ø£Ø­Ø¯Ù‡Ù… Ù‚Ø§Ù… Ù…Ù† Ø§Ù„Ù†ÙˆÙ… ÙˆÙ‚Ø±Ø± ØªØ±Ø­ÙŠÙ„ ØºÙŠØ± Ø£Ù‡Ù„ Ø§Ù„Ø¨Ù„Ø¯ ÙˆÙ„Ùˆ ÙƒØ§Ù†ÙˆØ§ Ø¨Ø¥Ù‚Ø§â€¦,21:47.0,1,3.29181e+17,iYsulaim,40:58.0,527773466,AbouAmmarr,Ø¯. Ø£Ø¨Ùˆ Ø¹Ù…Ø§Ø± Ø§Ù„Ø³ÙˆØ¯Ø§Ù†ÙŠ,Ø¯Ø§Ø¹ÙŠØ© Ø§Ø³Ù„Ø§Ù…ÙŠ ÙˆØµØ§Ø­Ø¨ Ø¨Ø±Ù†Ø§Ù…Ø¬ (Ù…Ù† Ø¯Ø§Ø®Ù„ Ø±ÙÙˆÙ…ÙŠÙ‘Ø©)ØŒ Ø£ÙˆÙ„ Ø¨Ø±Ù†Ø§Ù…Ø¬ Ø§Ø³Ù„Ø§Ù…ÙŠ Ø¹Ù„Ù‰ Ù‚Ù†Ø§Ø© Ø£ÙˆØ±ÙˆØ¨ÙŠØ© | http://t.co/Jyq4Ie9IzW,1,,,,Amsterdam,ar,2153969,457610,5108,0,3716,http://pbs.twimg.com/profile_images/535475203027898368/gniDKrUW.jpeg,http://abs.twimg.com/images/themes/theme14/bg.gif,https://pbs.twimg.com/profile_banners/527773466/1416425543/web,1,0,0,7376,19:38.2,-1,,da,0,[],25,0.0,True,,[0],False,-1
30,6.79216e+17,RT WhatsOn Planner de ultieme groepsplanner via Dank voor je review,26:17.0,1,6.79216e+17,whatsonplanner,47:47.0,18114762,Androidworld,Androidworld,Androidworld | Grootste Androidcommunity van de Benelux | AW Reader | Android | Nieuws | Reviews | Android apps en games | Android forum,1,,,Nederland,Amsterdam,nl,18543,480,30,0,29871,http://pbs.twimg.com/profile_images/669424076176408576/ZMrYXZxv.png,http://pbs.twimg.com/profile_background_images/873709499/c988d5ed1bf0f1411576df546816f314.png,https://pbs.twimg.com/profile_banners/18114762/1448438486/web,1,0,0,8120,42:27.3,-1,,nl,0,['https://t.co/mdqrsNKSDv'],11,0.0,False,,[1],True,-1
31,3.29682e+17,RT Almajed Ø§Ù„Ø¨Ø§ÙƒØ³ØªØ§Ù†ÙŠ Ø§Ù„Ø°ÙŠ Ø£Ù†Ù‚Ø°Ø£Ø³Ø±Ø© Ø³Ø¹ÙˆØ¯ÙŠØ© ÙÙŠ Ø³ÙŠÙˆÙ„ Ø¬Ø¯Ø© ÙˆØ§ÙŒØ³ØªØ´Ù‡Ø¯ØŒ ÙˆØ§Ù„Ø³ÙˆØ¯Ø§Ù†ÙŠ Ø§Ù„Ø°ÙŠ Ø£Ù†Ù‚Ø° Ù†ÙØ³Ø§Ù‹Ø§Ù„ÙŠÙˆÙ…ØŒ Ù‚ØµØµ Ø´Ù‡Ø§Ù…Ø© ÙˆØ¨Ø·ÙˆÙ„Ø© Ù„Ø¹Ù„Ù‡Ø§ ØªÙƒØ³Ø±Ù†Ø¸Ø±Ø© Ø¯ÙˆÙ†ÙŠâ€¦,43:14.0,1,3.2918e+17,Hmd_Almajed,40:58.0,527773466,AbouAmmarr,Ø¯. Ø£Ø¨Ùˆ Ø¹Ù…Ø§Ø± Ø§Ù„Ø³ÙˆØ¯Ø§Ù†ÙŠ,Ø¯Ø§Ø¹ÙŠØ© Ø§Ø³Ù„Ø§Ù…ÙŠ ÙˆØµØ§Ø­Ø¨ Ø¨Ø±Ù†Ø§Ù…Ø¬ (Ù…Ù† Ø¯Ø§Ø®Ù„ Ø±ÙÙˆÙ…ÙŠÙ‘Ø©)ØŒ Ø£ÙˆÙ„ Ø¨Ø±Ù†Ø§Ù…Ø¬ Ø§Ø³Ù„Ø§Ù…ÙŠ Ø¹Ù„Ù‰ Ù‚Ù†Ø§Ø© Ø£ÙˆØ±ÙˆØ¨ÙŠØ© | http://t.co/Jyq4Ie9IzW,1,,,,Amsterdam,ar,2153969,457610,133386,0,3716,http://pbs.twimg.com/profile_images/535475203027898368/gniDKrUW.jpeg,http://abs.twimg.com/images/themes/theme14/bg.gif,https://pbs.twimg.com/profile_banners/527773466/1416425543/web,1,0,0,6768,19:38.3,-1,,da,0,[],20,0.0,True,,[0],False,-1
32,4.5855e+17,RT Giveaways Giveaway end soon nn,18:39.0,1,4.5855e+17,FXL_Giveaways,47:14.0,471046122,allkeyshop,allkeyshop,"compare and buy your cdkey at best price for digital download on Steam, Origin and much more",1,,,europe,Beijing,en-gb,35146,1292,1562,0,4526,http://pbs.twimg.com/profile_images/378800000633574468/59167e230c605c5cc0620f85f9cced14.png,http://pbs.twimg.com/profile_background_images/427588718/394090_264149196992246_263765593697273_639402_1544902047_n.jpg,https://pbs.twimg.com/profile_banners/471046122/1409577363/web,1,0,0,11600,54:41.0,-1,,en,0,"['http://t.co/7xh8mFRStT', 'http://t.co/xQgYI6UbNn']",6,0.0,False,,[1],True,-1
33,5.72948e+17,RT G,35:30.0,1,5.44498e+17,luigiyotoko,49:47.0,47308267,alyssanity,Alyssa.,I have trust issues,1,,,,Hong Kong,en,344,325,27519,0,25536,http://pbs.twimg.com/profile_images/678786571617763328/UwvcWgTw.jpg,http://pbs.twimg.com/profile_background_images/306270084/threadlessCatastrophe.jpg,https://pbs.twimg.com/profile_banners/47308267/1433863888/web,0,0,1,10248,01:28.2,-1,,sw,0,['http://t.co/uyusTKGw1W'],2,0.0,False,,[1],False,-1
34,4.6985e+17,RT Join And Win A Dark Souls 2 CD Key,40:49.0,1,4.6985e+17,Freecdkey1,47:14.0,471046122,allkeyshop,allkeyshop,"compare and buy your cdkey at best price for digital download on Steam, Origin and much more",1,,,europe,Beijing,en-gb,35146,1292,11415,0,4526,http://pbs.twimg.com/profile_images/378800000633574468/59167e230c605c5cc0620f85f9cced14.png,http://pbs.twimg.com/profile_background_images/427588718/394090_264149196992246_263765593697273_639402_1544902047_n.jpg,https://pbs.twimg.com/profile_banners/471046122/1409577363/web,1,0,0,8656,54:40.6,-1,,en,0,"['http://t.co/MFQqOS1P47!', 'http://t.co/vHlfxOlZ4V']",10,0.21666666666666667,False,,[1],True,-1
35,6.31815e+17,RT Still try perfect Move forward instead refine plan perfection â€¦,10:10.0,1,6.31521e+17,AttnTalkRadio,33:42.0,16485985,ADDCA,ADD Coach Academy,"We are the Gold Standard in ADHD Coaching and we provide the most comprehensive, effective and field-tested ADHD coach training in the world.",0,,,"Albany, New York",Eastern Time (US & Canada),en,3784,41,4903,0,2681,http://pbs.twimg.com/profile_images/2606871108/jkhnfxuiecye36n08r5l.jpeg,http://abs.twimg.com/images/themes/theme4/bg.gif,,1,0,0,8288,32:55.3,-1,"""<a href=\""http://www.hootsuite.com""\"""" rel=""""""""nofollow"""""""">Hootsuite</a>""""""""""""""",en,0,['http://t.co/skUNtPkH0wn'],11,1.0,False,,[1],True,-1
36,5.02002e+17,RT What bruh need link,58:51.0,1,4.96363e+17,reallilscrappy,35:16.0,22821189,AbebeLewis,Abebe Lewis,The Man Behind The Music,0,,,"Miami, FL",Eastern Time (US & Canada),en,17430,1035,753832,0,31574,http://pbs.twimg.com/profile_images/2684616286/592cf228e9b8f352df02a6ddaf8e9263.png,http://pbs.twimg.com/profile_background_images/120723123/BBlogoBG.png,,1,0,0,6416,55:16.1,-1,"""<a href=\""http://www.hootsuite.com""\"""" rel=""""""""nofollow"""""""">Hootsuite</a>""""""""""""""",en,0,[],5,0.0,True,,[1],True,-1
37,6.88063e+17,RT Leuk kijken ik kan helpen zojuist aangemeld als insider van Androidworld bloginsiders,21:33.0,1,6.88007e+17,csfolmer,47:47.0,18114762,Androidworld,Androidworld,Androidworld | Grootste Androidcommunity van de Benelux | AW Reader | Android | Nieuws | Reviews | Android apps en games | Android forum,1,,,Nederland,Amsterdam,nl,18543,480,189,0,29871,http://pbs.twimg.com/profile_images/669424076176408576/ZMrYXZxv.png,http://pbs.twimg.com/profile_background_images/873709499/c988d5ed1bf0f1411576df546816f314.png,https://pbs.twimg.com/profile_banners/18114762/1448438486/web,1,0,0,8552,42:23.5,-1,,nl,0,['https://t.coâ€¦'],13,0.0,False,,[0],True,-1
38,5.0867e+17,RT When people think tweet,37:07.0,1,5.0866e+17,welltbh,49:47.0,47308267,alyssanity,Alyssa.,I have trust issues,1,,,,Hong Kong,en,344,325,278305,0,25536,http://pbs.twimg.com/profile_images/678786571617763328/UwvcWgTw.jpg,http://pbs.twimg.com/profile_background_images/306270084/threadlessCatastrophe.jpg,https://pbs.twimg.com/profile_banners/47308267/1433863888/web,0,0,1,10032,01:42.6,-1,,en,0,['http://t.co/dQ7dlKqMEr'],5,0.0,False,,[1],True,-1
39,5.1997e+17,RT ÙŠØ§Ø´ÙŠØ® Ø§Ø¨Ùˆ Ø¹Ù…Ø§Ø± ØµØ§Ù„Ø­ Ø¯Ø¹Ø§Ø¤ÙƒÙ… ÙˆÙ…ØªØ§Ø¨Ø¹ÙŠÙƒ Ø³Ø£ÙƒÙˆÙ† ÙÙŠ ØºØ±ÙØ© Ø§Ù„Ø¹Ù…Ù„ÙŠØ§Øª Ø¹Ù†Ø¯ Ø§Ù„Ø³Ø§Ø¨Ø¹Ù‡ ØºØ¯Ø§ Ø§Ù† Ø´Ø§Ø¡ Ø§Ù„Ù„Ù‡,57:05.0,1,5.19943e+17,muteb2000,40:58.0,527773466,AbouAmmarr,Ø¯. Ø£Ø¨Ùˆ Ø¹Ù…Ø§Ø± Ø§Ù„Ø³ÙˆØ¯Ø§Ù†ÙŠ,Ø¯Ø§Ø¹ÙŠØ© Ø§Ø³Ù„Ø§Ù…ÙŠ ÙˆØµØ§Ø­Ø¨ Ø¨Ø±Ù†Ø§Ù…Ø¬ (Ù…Ù† Ø¯Ø§Ø®Ù„ Ø±ÙÙˆÙ…ÙŠÙ‘Ø©)ØŒ Ø£ÙˆÙ„ Ø¨Ø±Ù†Ø§Ù…Ø¬ Ø§Ø³Ù„Ø§Ù…ÙŠ Ø¹Ù„Ù‰ Ù‚Ù†Ø§Ø© Ø£ÙˆØ±ÙˆØ¨ÙŠØ© | http://t.co/Jyq4Ie9IzW,1,,,,Amsterdam,ar,2153969,457610,1531,0,3716,http://pbs.twimg.com/profile_images/535475203027898368/gniDKrUW.jpeg,http://abs.twimg.com/images/themes/theme14/bg.gif,https://pbs.twimg.com/profile_banners/527773466/1416425543/web,1,0,0,6744,19:29.5,-1,,da,0,[],17,0.0,True,,[0],False,-1
40,4.69172e+17,RT Ø¨Ù…Ù†Ø§Ø³Ø¨Ø© Ù‚Ø±Ø¨ Ø´Ù‡Ø± Ø±Ù…Ø¶Ø§Ù† Ø¬Ù…ÙŠØ¹ Ø§Ø¬Ø²Ø§Ø¡ Ø§Ù„Ù‚Ø±Ø§Ù† Ø¨ÙŠÙ† ÙŠØ¯ÙŠÙƒ Ù„Ù„Ø¬ÙˆØ§Ù„,46:20.0,1,4.69158e+17,aalthani4,40:58.0,527773466,AbouAmmarr,Ø¯. Ø£Ø¨Ùˆ Ø¹Ù…Ø§Ø± Ø§Ù„Ø³ÙˆØ¯Ø§Ù†ÙŠ,Ø¯Ø§Ø¹ÙŠØ© Ø§Ø³Ù„Ø§Ù…ÙŠ ÙˆØµØ§Ø­Ø¨ Ø¨Ø±Ù†Ø§Ù…Ø¬ (Ù…Ù† Ø¯Ø§Ø®Ù„ Ø±ÙÙˆÙ…ÙŠÙ‘Ø©)ØŒ Ø£ÙˆÙ„ Ø¨Ø±Ù†Ø§Ù…Ø¬ Ø§Ø³Ù„Ø§Ù…ÙŠ Ø¹Ù„Ù‰ Ù‚Ù†Ø§Ø© Ø£ÙˆØ±ÙˆØ¨ÙŠØ© | http://t.co/Jyq4Ie9IzW,1,,,,Amsterdam,ar,2153969,457610,1477,0,3716,http://pbs.twimg.com/profile_images/535475203027898368/gniDKrUW.jpeg,http://abs.twimg.com/images/themes/theme14/bg.gif,https://pbs.twimg.com/profile_banners/527773466/1416425543/web,1,0,0,6640,19:31.6,-1,,da,0,['http://t.co/a0wepdnRHq'],11,0.0,True,,[1],False,-1
41,6.69915e+17,RT Vandaag alweer twee jaar geleden dat ik deelnam aan een Hangout vanuit de Android Statue Garden,27:05.0,1,6.69914e+17,Arvid,47:47.0,18114762,Androidworld,Androidworld,Androidworld | Grootste Androidcommunity van de Benelux | AW Reader | Android | Nieuws | Reviews | Android apps en games | Android forum,1,,,Nederland,Amsterdam,nl,18543,480,2799,0,29871,http://pbs.twimg.com/profile_images/669424076176408576/ZMrYXZxv.png,http://pbs.twimg.com/profile_background_images/873709499/c988d5ed1bf0f1411576df546816f314.png,https://pbs.twimg.com/profile_banners/18114762/1448438486/web,1,0,0,12320,42:32.3,-1,,nl,0,['https://t.co/16CGgâ€¦'],17,0.0,False,,[0],True,-1
42,5.08012e+17,RT nos ayudas difundir queremos que emprendedores ganen contratos del resolviendo proâ€¦,02:33.0,1,5.0801e+17,curnis,59:19.0,94219325,AndroidMX,Android MÃ©xico,"Comunidad Android MÃ©xico, Evangelizando y mostrando el potencial de Android! De MÃ©xico para el mundo!",1,,,Mexico,Eastern Time (US & Canada),es,78143,71,179,0,65976,http://pbs.twimg.com/profile_images/640801910144954368/szOHysSG.png,http://pbs.twimg.com/profile_background_images/433065867685793792/dRIMbDhq.jpeg,https://pbs.twimg.com/profile_banners/94219325/1417556880/web,1,0,0,8472,03:46.0,-1,,es,0,['http://t.co/sD2dWI6wTk?'],12,0.0,False,,[1],True,-1
43,5.00199e+17,RT Giveaways Congratulations newest winner free 12 Month Gold membership code,34:07.0,1,5.00199e+17,FXL_Giveaways,47:14.0,471046122,allkeyshop,allkeyshop,"compare and buy your cdkey at best price for digital download on Steam, Origin and much more",1,,,europe,Beijing,en-gb,35146,1292,1562,0,4526,http://pbs.twimg.com/profile_images/378800000633574468/59167e230c605c5cc0620f85f9cced14.png,http://pbs.twimg.com/profile_background_images/427588718/394090_264149196992246_263765593697273_639402_1544902047_n.jpg,https://pbs.twimg.com/profile_banners/471046122/1409577363/web,1,0,0,10776,54:40.5,-1,,en,0,['http://t.co/lIQD4qQOX0'],11,0.4,False,,[1],True,-1
44,5.63958e+17,RT Ù…Ø­Ø§Ø¶Ø±Ø© Ø§Ù„Ø´ÙŠØ® Ø³Ø¹Ø¯ Ø§Ù„Ø¹ØªÙŠÙ‚ ÙÙŠ Ø§Ù„Ù…Ø±ÙƒØ² Ø§Ù„Ø§Ø³Ù„Ø§Ù…ÙŠ Ø¨Ù…Ø¯ÙŠÙ†Ø© Ù…ÙˆØªØ³Ø§ØªÙ‡ Ø§ÙŠØ·Ø§Ù„ÙŠØ§ nnØ§Ø¯Ø§Ø±Ø© Ø§Ù„ØµÙØ­Ø©,08:49.0,1,5.52816e+17,saadalateeg,40:58.0,527773466,AbouAmmarr,Ø¯. Ø£Ø¨Ùˆ Ø¹Ù…Ø§Ø± Ø§Ù„Ø³ÙˆØ¯Ø§Ù†ÙŠ,Ø¯Ø§Ø¹ÙŠØ© Ø§Ø³Ù„Ø§Ù…ÙŠ ÙˆØµØ§Ø­Ø¨ Ø¨Ø±Ù†Ø§Ù…Ø¬ (Ù…Ù† Ø¯Ø§Ø®Ù„ Ø±ÙÙˆÙ…ÙŠÙ‘Ø©)ØŒ Ø£ÙˆÙ„ Ø¨Ø±Ù†Ø§Ù…Ø¬ Ø§Ø³Ù„Ø§Ù…ÙŠ Ø¹Ù„Ù‰ Ù‚Ù†Ø§Ø© Ø£ÙˆØ±ÙˆØ¨ÙŠØ© | http://t.co/Jyq4Ie9IzW,1,,,,Amsterdam,ar,2153969,457610,18193,0,3716,http://pbs.twimg.com/profile_images/535475203027898368/gniDKrUW.jpeg,http://abs.twimg.com/images/themes/theme14/bg.gif,https://pbs.twimg.com/profile_banners/527773466/1416425543/web,1,0,0,17176,19:26.7,-1,,no,0,['http://t.co/aZlLnLwNvR'],13,0.0,True,,[0],False,-1
45,6.67367e+17,RT Youre yes form yes reservations world,42:11.0,1,6.67181e+17,chrisandreaa,49:47.0,47308267,alyssanity,Alyssa.,I have trust issues,1,,,,Hong Kong,en,344,325,463,0,25536,http://pbs.twimg.com/profile_images/678786571617763328/UwvcWgTw.jpg,http://pbs.twimg.com/profile_background_images/306270084/threadlessCatastrophe.jpg,https://pbs.twimg.com/profile_banners/47308267/1433863888/web,0,0,1,5664,01:10.7,-1,,en,0,[],7,0.0,False,,[1],True,-1
46,6.87465e+17,RT Happening right,45:00.0,1,6.87465e+17,freomelryan,49:47.0,47308267,alyssanity,Alyssa.,I have trust issues,1,,,,Hong Kong,en,344,325,326,0,25536,http://pbs.twimg.com/profile_images/678786571617763328/UwvcWgTw.jpg,http://pbs.twimg.com/profile_background_images/306270084/threadlessCatastrophe.jpg,https://pbs.twimg.com/profile_banners/47308267/1433863888/web,0,0,1,10712,01:07.5,-1,,en,0,['https://t.co/zPYzIew3DG'],3,0.2857142857142857,False,,[1],True,-1
47,5.30945e+17,RT I may brave strong smart somewhere secret heart I know love find way â€“Kiara Lion King II,49:54.0,1,5.30944e+17,disneywords,49:47.0,47308267,alyssanity,Alyssa.,I have trust issues,1,,,,Hong Kong,en,344,325,3870353,0,25536,http://pbs.twimg.com/profile_images/678786571617763328/UwvcWgTw.jpg,http://pbs.twimg.com/profile_background_images/306270084/threadlessCatastrophe.jpg,https://pbs.twimg.com/profile_banners/47308267/1433863888/web,0,0,1,6488,01:34.9,-1,,en,0,[],18,0.3095238095238095,False,,[0],True,-1
48,6.24091e+17,RT,36:37.0,1,6.24067e+17,PoemsPorn,49:47.0,47308267,alyssanity,Alyssa.,I have trust issues,1,,,,Hong Kong,en,344,325,1417557,0,25536,http://pbs.twimg.com/profile_images/678786571617763328/UwvcWgTw.jpg,http://pbs.twimg.com/profile_background_images/306270084/threadlessCatastrophe.jpg,https://pbs.twimg.com/profile_banners/47308267/1433863888/web,0,0,1,10296,01:21.1,-1,,en,0,['http://t.co/jPOUjv2EqJ'],1,0.0,False,,[1],True,-1
49,6.33481e+17,RT Forget ones forget,30:40.0,1,6.33477e+17,Notebook,49:47.0,47308267,alyssanity,Alyssa.,I have trust issues,1,,,,Hong Kong,en,344,325,5617980,0,25536,http://pbs.twimg.com/profile_images/678786571617763328/UwvcWgTw.jpg,http://pbs.twimg.com/profile_background_images/306270084/threadlessCatastrophe.jpg,https://pbs.twimg.com/profile_banners/47308267/1433863888/web,0,0,1,5776,01:19.9,-1,,en,0,[],4,0.0,False,,[1],True,-1
50,5.5679e+17,RT Will Francis Effect linger leave Thats challenge church faihfulThe seed plant It musâ€¦,25:38.0,1,5.56669e+17,Jimparedes,49:47.0,47308267,alyssanity,Alyssa.,I have trust issues,1,,,,Hong Kong,en,344,325,969597,0,25536,http://pbs.twimg.com/profile_images/678786571617763328/UwvcWgTw.jpg,http://pbs.twimg.com/profile_background_images/306270084/threadlessCatastrophe.jpg,https://pbs.twimg.com/profile_banners/47308267/1433863888/web,0,0,1,6304,01:30.4,-1,,en,0,[],14,0.0,False,,[0],True,-1
51,6.77132e+17,RT De gewonnen Nexus 5X binnen Thanks,25:21.0,1,6.77132e+17,FrankBarten,47:47.0,18114762,Androidworld,Androidworld,Androidworld | Grootste Androidcommunity van de Benelux | AW Reader | Android | Nieuws | Reviews | Android apps en games | Android forum,1,,,Nederland,Amsterdam,nl,18543,480,98,0,29871,http://pbs.twimg.com/profile_images/669424076176408576/ZMrYXZxv.png,http://pbs.twimg.com/profile_background_images/873709499/c988d5ed1bf0f1411576df546816f314.png,https://pbs.twimg.com/profile_banners/18114762/1448438486/web,1,0,0,11392,42:28.1,-1,,nl,0,['https://t.co/riToCyXPZy'],7,0.2,False,,[1],True,-1
52,3.5201e+17,RT ØªÙƒØªØ¨ Ø§Ù„Ù…Ù„Ø§Ø¦ÙƒØ© Ø§Ù„Ø­Ø³Ù†Ø§Øª ÙˆØ§Ù„Ø³ÙŠØ¦Ø§Øª ÙˆÙŠÙ…Ø­Ùˆ Ø§Ù„Ù„Ù‡ Ù…Ø§ ÙŠØ´Ø§Ø¡ Ù…Ù† Ø§Ù„Ø³ÙŠØ¦Ø§Øª ÙˆØ§Ù„Ø¨Ø¹Ø¶ ÙŠÙƒØªØ¨ Ø³ÙŠØ¦Ø§ØªÙ‡ Ø¨ÙŠØ¯Ù‡ ÙÙŠ ØªÙˆÙŠØªØ± ÙˆÙ„Ø§ ÙŠÙ…Ø­ÙˆÙ‡Ø§ Ø¹Ù† Ù†ÙØ³Ù‡Ø³Ø¨Ø­Ø§Ù† Ø§Ù„Ù„â€¦,24:54.0,1,3.51844e+17,aalthani4,40:58.0,527773466,AbouAmmarr,Ø¯. Ø£Ø¨Ùˆ Ø¹Ù…Ø§Ø± Ø§Ù„Ø³ÙˆØ¯Ø§Ù†ÙŠ,Ø¯Ø§Ø¹ÙŠØ© Ø§Ø³Ù„Ø§Ù…ÙŠ ÙˆØµØ§Ø­Ø¨ Ø¨Ø±Ù†Ø§Ù…Ø¬ (Ù…Ù† Ø¯Ø§Ø®Ù„ Ø±ÙÙˆÙ…ÙŠÙ‘Ø©)ØŒ Ø£ÙˆÙ„ Ø¨Ø±Ù†Ø§Ù…Ø¬ Ø§Ø³Ù„Ø§Ù…ÙŠ Ø¹Ù„Ù‰ Ù‚Ù†Ø§Ø© Ø£ÙˆØ±ÙˆØ¨ÙŠØ© | http://t.co/Jyq4Ie9IzW,1,,,,Amsterdam,ar,2153969,457610,1477,0,3716,http://pbs.twimg.com/profile_images/535475203027898368/gniDKrUW.jpeg,http://abs.twimg.com/images/themes/theme14/bg.gif,https://pbs.twimg.com/profile_banners/527773466/1416425543/web,1,0,0,6192,19:36.9,-1,,da,0,[],22,0.0,True,,[0],False,-1
53,5.3223e+17,RT org Ù†Ù„ÙØªÙ Ø¹Ù†Ø§ÙŠØ© Ø¯Ø§Ø¹Ù…ÙŠÙ†Ø§ ÙÙŠ Ø­Ù…Ù„Ø© Ø´ÙŠÙ‘Ø¯Ø¨ÙŠØªØ§Ù‹Ù„Ù„Ù‡ Ù„Ø¨Ù†Ø§Ø¡ Ù…Ø³Ø¬Ø¯Ù‚Ø±ÙŠØ©Ø²Ø§Ù†ØºÙˆ Ø¥Ù„Ù‰ Ø¹Ø¯Ø¯ Ø§Ù„Ø£Ø³Ù‡Ù… Ø§Ù„ØªÙŠ Ø­ØµÙ„Ù†Ø§ Ø¹Ù„ÙŠÙ‡Ø§ 1200 Ù…Ù† Ø¬Ù…Ù„Ø© 3600 Ø³Ù‡Ù…n3â€¦,55:05.0,1,5.3223e+17,alumma_org,40:58.0,527773466,AbouAmmarr,Ø¯. Ø£Ø¨Ùˆ Ø¹Ù…Ø§Ø± Ø§Ù„Ø³ÙˆØ¯Ø§Ù†ÙŠ,Ø¯Ø§Ø¹ÙŠØ© Ø§Ø³Ù„Ø§Ù…ÙŠ ÙˆØµØ§Ø­Ø¨ Ø¨Ø±Ù†Ø§Ù…Ø¬ (Ù…Ù† Ø¯Ø§Ø®Ù„ Ø±ÙÙˆÙ…ÙŠÙ‘Ø©)ØŒ Ø£ÙˆÙ„ Ø¨Ø±Ù†Ø§Ù…Ø¬ Ø§Ø³Ù„Ø§Ù…ÙŠ Ø¹Ù„Ù‰ Ù‚Ù†Ø§Ø© Ø£ÙˆØ±ÙˆØ¨ÙŠØ© | http://t.co/Jyq4Ie9IzW,1,,,,Amsterdam,ar,2153969,457610,840,0,3716,http://pbs.twimg.com/profile_images/535475203027898368/gniDKrUW.jpeg,http://abs.twimg.com/images/themes/theme14/bg.gif,https://pbs.twimg.com/profile_banners/527773466/1416425543/web,1,0,0,6664,19:28.6,-1,,da,0,[],21,0.0,True,,[0],False,-1
54,4.48429e+17,RT Featured Giveaway The Elder Scrolls Online TESOnnJoin,58:01.0,1,4.48427e+17,Freecdkey1,47:14.0,471046122,allkeyshop,allkeyshop,"compare and buy your cdkey at best price for digital download on Steam, Origin and much more",1,,,europe,Beijing,en-gb,35146,1292,11415,0,4526,http://pbs.twimg.com/profile_images/378800000633574468/59167e230c605c5cc0620f85f9cced14.png,http://pbs.twimg.com/profile_background_images/427588718/394090_264149196992246_263765593697273_639402_1544902047_n.jpg,https://pbs.twimg.com/profile_banners/471046122/1409577363/web,1,0,0,12168,54:42.0,-1,,en,0,"['http://t.co/B7TiUQF11g', 'http://t.co/A80jkrhmFR']",8,0.0,False,,[1],True,-1
55,5.94729e+17,RT Such bad interview What asshole,01:56.0,1,5.94727e+17,andimanzano,49:47.0,47308267,alyssanity,Alyssa.,I have trust issues,1,,,,Hong Kong,en,344,325,214638,0,25536,http://pbs.twimg.com/profile_images/678786571617763328/UwvcWgTw.jpg,http://pbs.twimg.com/profile_background_images/306270084/threadlessCatastrophe.jpg,https://pbs.twimg.com/profile_banners/47308267/1433863888/web,0,0,1,6152,01:25.6,-1,,en,0,[],6,-0.3499999999999999,False,,[1],True,-1
56,5.12624e+17,RT Note self,28:47.0,1,5.12369e+17,TheHIMYMQuotes,49:47.0,47308267,alyssanity,Alyssa.,I have trust issues,1,,,,Hong Kong,en,344,325,56800,0,25536,http://pbs.twimg.com/profile_images/678786571617763328/UwvcWgTw.jpg,http://pbs.twimg.com/profile_background_images/306270084/threadlessCatastrophe.jpg,https://pbs.twimg.com/profile_banners/47308267/1433863888/web,0,0,1,10072,01:41.2,-1,,en,0,['http://t.co/hepv8dWo18'],3,0.0,False,,[1],True,-1
57,5.34731e+17,RT alqarnee Ù…Ø­Ø§Ø¶Ø±ØªÙŠ Ø§Ù„Ù„ÙŠÙ„Ø© Ø¨Ø¹Ø¯ ØµÙ„Ø§Ø© Ø§Ù„Ù…ØºØ±Ø¨ Ø§Ù„Ø³Ø§Ø¹Ø© 7 Ø¨ØªÙˆÙ‚ÙŠØª Ø¥ÙŠØ·Ø§Ù„ÙŠØ§ Ø¨Ù…Ø¯ÙŠÙ†Ø© Brescia Ø¨Ø¥ÙŠØ·Ø§Ù„ÙŠØ§ Ø¹Ù† Ø§Ù„Ù†Ø¨ÙŠ Ø§Ù„ÙŠØªÙŠÙ… ØµÙ„Ù‰ Ø§Ù„Ù„Ù‡ Ø¹Ù„ÙŠÙ‡ ÙˆØ³Ù„Ù…,34:30.0,1,5.34727e+17,Dr_alqarnee,40:58.0,527773466,AbouAmmarr,Ø¯. Ø£Ø¨Ùˆ Ø¹Ù…Ø§Ø± Ø§Ù„Ø³ÙˆØ¯Ø§Ù†ÙŠ,Ø¯Ø§Ø¹ÙŠØ© Ø§Ø³Ù„Ø§Ù…ÙŠ ÙˆØµØ§Ø­Ø¨ Ø¨Ø±Ù†Ø§Ù…Ø¬ (Ù…Ù† Ø¯Ø§Ø®Ù„ Ø±ÙÙˆÙ…ÙŠÙ‘Ø©)ØŒ Ø£ÙˆÙ„ Ø¨Ø±Ù†Ø§Ù…Ø¬ Ø§Ø³Ù„Ø§Ù…ÙŠ Ø¹Ù„Ù‰ Ù‚Ù†Ø§Ø© Ø£ÙˆØ±ÙˆØ¨ÙŠØ© | http://t.co/Jyq4Ie9IzW,1,,,,Amsterdam,ar,2153969,457610,11943593,0,3716,http://pbs.twimg.com/profile_images/535475203027898368/gniDKrUW.jpeg,http://abs.twimg.com/images/themes/theme14/bg.gif,https://pbs.twimg.com/profile_banners/527773466/1416425543/web,1,0,0,7648,19:28.3,-1,,da,0,[],21,0.0,True,,[0],False,-1
58,3.30041e+17,RT ØªÙ… Ø§Ù„Ø¥Ø¹Ù„Ø§Ù† Ø¹Ù† 250 Ø£Ù„Ù Ù‚ØªÙŠÙ„ ÙÙŠ Ø§Ù„ØµÙˆÙ…Ø§Ù„ Ø§ØºÙ„Ø¨Ù‡Ù… Ø£Ø·ÙØ§Ù„ Ù„ÙŠØ³ Ø¨Ø³Ø¨Ø¨ Ø§Ù„Ø±ØµØ§Øµ Ø§Ùˆ Ø²Ù„Ø²Ø§Ù„ ÙˆÙ„ÙƒÙ† Ø¨Ø³Ø¨Ø¨ Ø§Ù„Ø¬ÙˆØ¹ ÙˆØ§Ù„Ø¹Ø·Ø´ Ø§Ø´Ø±Ø¨ÙˆØ§ ÙŠØ§ Ù…Ù† ØªÙØªØ±Ø´ÙˆÙ† Ø§Ù„Ù…â€¦,27:07.0,1,3.29984e+17,aalthani4,40:58.0,527773466,AbouAmmarr,Ø¯. Ø£Ø¨Ùˆ Ø¹Ù…Ø§Ø± Ø§Ù„Ø³ÙˆØ¯Ø§Ù†ÙŠ,Ø¯Ø§Ø¹ÙŠØ© Ø§Ø³Ù„Ø§Ù…ÙŠ ÙˆØµØ§Ø­Ø¨ Ø¨Ø±Ù†Ø§Ù…Ø¬ (Ù…Ù† Ø¯Ø§Ø®Ù„ Ø±ÙÙˆÙ…ÙŠÙ‘Ø©)ØŒ Ø£ÙˆÙ„ Ø¨Ø±Ù†Ø§Ù…Ø¬ Ø§Ø³Ù„Ø§Ù…ÙŠ Ø¹Ù„Ù‰ Ù‚Ù†Ø§Ø© Ø£ÙˆØ±ÙˆØ¨ÙŠØ© | http://t.co/Jyq4Ie9IzW,1,,,,Amsterdam,ar,2153969,457610,1477,0,3716,http://pbs.twimg.com/profile_images/535475203027898368/gniDKrUW.jpeg,http://abs.twimg.com/images/themes/theme14/bg.gif,https://pbs.twimg.com/profile_banners/527773466/1416425543/web,1,0,0,6192,19:38.2,-1,,da,0,[],25,0.0,True,,[0],False,-1
59,7.02143e+17,RT Advocate never let people make feel like ADHD real,47:56.0,1,7.01933e+17,aerokat25,33:42.0,16485985,ADDCA,ADD Coach Academy,"We are the Gold Standard in ADHD Coaching and we provide the most comprehensive, effective and field-tested ADHD coach training in the world.",0,,,"Albany, New York",Eastern Time (US & Canada),en,3784,41,172,0,2681,http://pbs.twimg.com/profile_images/2606871108/jkhnfxuiecye36n08r5l.jpeg,http://abs.twimg.com/images/themes/theme4/bg.gif,,1,0,0,6304,32:54.4,-1,"""<a href=\""http://www.hootsuite.com""\"""" rel=""""""""nofollow"""""""">Hootsuite</a>""""""""""""""",en,0,[],10,0.2,False,,[1],True,-1
60,7.0974e+17,RT Permission Proceed The Keys Creating Life Passion Purpose Possibility Adults w ADHD,57:30.0,1,7.08705e+17,womenwithadhd,33:42.0,16485985,ADDCA,ADD Coach Academy,"We are the Gold Standard in ADHD Coaching and we provide the most comprehensive, effective and field-tested ADHD coach training in the world.",0,,,"Albany, New York",Eastern Time (US & Canada),en,3784,41,7988,0,2681,http://pbs.twimg.com/profile_images/2606871108/jkhnfxuiecye36n08r5l.jpeg,http://abs.twimg.com/images/themes/theme4/bg.gif,,1,0,0,7040,32:54.2,-1,"""<a href=\""http://www.hootsuite.com""\"""" rel=""""""""nofollow"""""""">Hootsuite</a>""""""""""""""",en,0,['https://â€¦'],13,0.0,False,,[0],True,-1
61,5.53903e+17,RT relevancy post,16:46.0,1,5.5302e+17,Dory,49:47.0,47308267,alyssanity,Alyssa.,I have trust issues,1,,,,Hong Kong,en,344,325,1324092,0,25536,http://pbs.twimg.com/profile_images/678786571617763328/UwvcWgTw.jpg,http://pbs.twimg.com/profile_background_images/306270084/threadlessCatastrophe.jpg,https://pbs.twimg.com/profile_banners/47308267/1433863888/web,0,0,1,16824,01:30.8,-1,,en,0,['http://t.co/dxkHeMAGzw'],3,0.0,False,,[1],True,-1
62,4.5671e+17,RT org Ù†Ø¯Ø¹ÙˆÙƒÙ… Ù„Ù…Ø´Ø§Ù‡Ø¯Ø© Ù‡Ø°Ø§ Ø§Ù„Ù…Ù‚Ø·Ø¹ Ø¶Ù…Ù† Ø­Ù…Ù„Ø©Ø³Ù‚ÙŠØ§Ù„Ù…Ø§Ø¡ ÙÙŠ Ø§ÙØ±ÙŠÙ‚ÙŠØ§nØ¯Ø¹ÙˆØ§ØªÙƒÙ…n,27:07.0,1,4.5671e+17,alumma_org,40:58.0,527773466,AbouAmmarr,Ø¯. Ø£Ø¨Ùˆ Ø¹Ù…Ø§Ø± Ø§Ù„Ø³ÙˆØ¯Ø§Ù†ÙŠ,Ø¯Ø§Ø¹ÙŠØ© Ø§Ø³Ù„Ø§Ù…ÙŠ ÙˆØµØ§Ø­Ø¨ Ø¨Ø±Ù†Ø§Ù…Ø¬ (Ù…Ù† Ø¯Ø§Ø®Ù„ Ø±ÙÙˆÙ…ÙŠÙ‘Ø©)ØŒ Ø£ÙˆÙ„ Ø¨Ø±Ù†Ø§Ù…Ø¬ Ø§Ø³Ù„Ø§Ù…ÙŠ Ø¹Ù„Ù‰ Ù‚Ù†Ø§Ø© Ø£ÙˆØ±ÙˆØ¨ÙŠØ© | http://t.co/Jyq4Ie9IzW,1,,,,Amsterdam,ar,2153969,457610,840,0,3716,http://pbs.twimg.com/profile_images/535475203027898368/gniDKrUW.jpeg,http://abs.twimg.com/images/themes/theme14/bg.gif,https://pbs.twimg.com/profile_banners/527773466/1416425543/web,1,0,0,6872,19:32.2,-1,,da,0,['http://t.co/UR8TIMkaWH'],10,0.0,True,,[1],False,-1
63,5.07534e+17,RT Gilas ka bannCos 1 4,22:14.0,1,5.07531e+17,jaricafuntano,49:47.0,47308267,alyssanity,Alyssa.,I have trust issues,1,,,,Hong Kong,en,344,325,922,0,25536,http://pbs.twimg.com/profile_images/678786571617763328/UwvcWgTw.jpg,http://pbs.twimg.com/profile_background_images/306270084/threadlessCatastrophe.jpg,https://pbs.twimg.com/profile_banners/47308267/1433863888/web,0,0,1,5632,01:43.5,-1,,en,0,[],6,0.0,False,,[1],True,-1
64,6.62874e+17,RT HOW TO DEAL WITH LIFE ï¿½ï¿½ï¿½ï¿½ï¿½ï¿½ï¿½ï¿½ï¿½ï¿½ï¿½ï¿½,06:19.0,1,6.6259e+17,yanastar,49:47.0,47308267,alyssanity,Alyssa.,I have trust issues,1,,,,Hong Kong,en,344,325,523,0,25536,http://pbs.twimg.com/profile_images/678786571617763328/UwvcWgTw.jpg,http://pbs.twimg.com/profile_background_images/306270084/threadlessCatastrophe.jpg,https://pbs.twimg.com/profile_banners/47308267/1433863888/web,0,0,1,5888,01:12.3,-1,,ca,0,[],7,0.0,False,,[1],False,-1
65,6.56093e+17,RT Gestolen GNN4N5 N10 Motorola G en Asus chromebook via,00:33.0,1,6.56079e+17,PatrickKlijzing,47:47.0,18114762,Androidworld,Androidworld,Androidworld | Grootste Androidcommunity van de Benelux | AW Reader | Android | Nieuws | Reviews | Android apps en games | Android forum,1,,,Nederland,Amsterdam,nl,18543,480,185,0,29871,http://pbs.twimg.com/profile_images/669424076176408576/ZMrYXZxv.png,http://pbs.twimg.com/profile_background_images/873709499/c988d5ed1bf0f1411576df546816f314.png,https://pbs.twimg.com/profile_banners/18114762/1448438486/web,1,0,0,7928,42:39.5,-1,,nl,0,['http://t.co/G4HoxQWhlG'],10,0.0,False,,[1],True,-1
66,7.01357e+17,RT Mar prove know Binay Duterte Unfortunately people hate Unfortunately prejudgmeâ€¦,43:25.0,1,7.01356e+17,AllnVstrs,49:47.0,47308267,alyssanity,Alyssa.,I have trust issues,1,,,,Hong Kong,en,344,325,386,0,25536,http://pbs.twimg.com/profile_images/678786571617763328/UwvcWgTw.jpg,http://pbs.twimg.com/profile_background_images/306270084/threadlessCatastrophe.jpg,https://pbs.twimg.com/profile_banners/47308267/1433863888/web,0,0,1,6648,01:06.6,-1,,en,0,[],11,-0.6,False,,[1],True,-1
67,6.64662e+17,RT I need hug well actually I need hug,32:24.0,1,6.64662e+17,SincerelyTumblr,49:47.0,47308267,alyssanity,Alyssa.,I have trust issues,1,,,,Hong Kong,en,344,325,2316448,0,25536,http://pbs.twimg.com/profile_images/678786571617763328/UwvcWgTw.jpg,http://pbs.twimg.com/profile_background_images/306270084/threadlessCatastrophe.jpg,https://pbs.twimg.com/profile_banners/47308267/1433863888/web,0,0,1,6048,01:12.0,-1,,en,0,[],9,0.0,False,,[1],True,-1
68,6.42007e+17,RT Ik heb een invite ontvangen voor een oneplus2 Invite niet te delen maar kan hem evt wel cont,10:56.0,1,6.42007e+17,Royaltiess,47:47.0,18114762,Androidworld,Androidworld,Androidworld | Grootste Androidcommunity van de Benelux | AW Reader | Android | Nieuws | Reviews | Android apps en games | Android forum,1,,,Nederland,Amsterdam,nl,18543,480,43,0,29871,http://pbs.twimg.com/profile_images/669424076176408576/ZMrYXZxv.png,http://pbs.twimg.com/profile_background_images/873709499/c988d5ed1bf0f1411576df546816f314.png,https://pbs.twimg.com/profile_banners/18114762/1448438486/web,1,0,0,7464,42:46.3,-1,,nl,0,['http://â€¦'],19,0.0,False,,[0],True,-1
69,6.78978e+17,RT ï¿½ï¿½ï¿½ï¿½ï¿½ï¿½ï¿½ï¿½ï¿½ï¿½ï¿½ï¿½ï¿½ï¿½ï¿½ï¿½ï¿½ï¿½,40:17.0,1,6.78977e+17,BestTextMsgs,49:47.0,47308267,alyssanity,Alyssa.,I have trust issues,1,,,,Hong Kong,en,344,325,3680050,0,25536,http://pbs.twimg.com/profile_images/678786571617763328/UwvcWgTw.jpg,http://pbs.twimg.com/profile_background_images/306270084/threadlessCatastrophe.jpg,https://pbs.twimg.com/profile_banners/47308267/1433863888/web,0,0,1,10624,01:08.6,-1,,ca,0,['https://t.co/yjUshuSUS4'],2,0.0,False,,[1],False,-1
70,5.5679e+17,RT pope francis choose thug life thug life choose,27:03.0,1,5.56281e+17,patchiepie,49:47.0,47308267,alyssanity,Alyssa.,I have trust issues,1,,,,Hong Kong,en,344,325,496,0,25536,http://pbs.twimg.com/profile_images/678786571617763328/UwvcWgTw.jpg,http://pbs.twimg.com/profile_background_images/306270084/threadlessCatastrophe.jpg,https://pbs.twimg.com/profile_banners/47308267/1433863888/web,0,0,1,16960,01:30.4,-1,,en,0,['http://t.co/DVm3rZOgBt'],9,0.0,False,,[1],True,-1
71,5.27091e+17,RT alzobaydi Ù…Ø­Ø§Ø¶Ø±Ø© Ø§Ù„Ø¨Ø§Ø±Ø­Ø© ÙÙŠ Ù…ÙŠÙ„Ø§Ù†Ùˆ Ø¨Ø¥ÙŠØ·Ø§Ù„ÙŠØ§ ÙØ§Ø¹Ù„Ù… Ø£Ù†Ù‡ Ù„Ø§ Ø¥Ù„Ù‡ Ø¥Ù„Ø§ Ø§Ù„Ù„Ù‡,33:08.0,1,5.27052e+17,dr_alzobaydi,40:58.0,527773466,AbouAmmarr,Ø¯. Ø£Ø¨Ùˆ Ø¹Ù…Ø§Ø± Ø§Ù„Ø³ÙˆØ¯Ø§Ù†ÙŠ,Ø¯Ø§Ø¹ÙŠØ© Ø§Ø³Ù„Ø§Ù…ÙŠ ÙˆØµØ§Ø­Ø¨ Ø¨Ø±Ù†Ø§Ù…Ø¬ (Ù…Ù† Ø¯Ø§Ø®Ù„ Ø±ÙÙˆÙ…ÙŠÙ‘Ø©)ØŒ Ø£ÙˆÙ„ Ø¨Ø±Ù†Ø§Ù…Ø¬ Ø§Ø³Ù„Ø§Ù…ÙŠ Ø¹Ù„Ù‰ Ù‚Ù†Ø§Ø© Ø£ÙˆØ±ÙˆØ¨ÙŠØ© | http://t.co/Jyq4Ie9IzW,1,,,,Amsterdam,ar,2153969,457610,121339,0,3716,http://pbs.twimg.com/profile_images/535475203027898368/gniDKrUW.jpeg,http://abs.twimg.com/images/themes/theme14/bg.gif,https://pbs.twimg.com/profile_banners/527773466/1416425543/web,1,0,0,10616,19:28.8,-1,,da,0,['http://t.co/TwrHBXpQhl'],13,0.0,True,,[0],False,-1
72,5.11882e+17,RT CoachJuno For record UAAP Championship I MU yet nIt still one side still court sâ€¦,19:03.0,1,5.1187e+17,Not_Coach_Juno,49:47.0,47308267,alyssanity,Alyssa.,I have trust issues,1,,,,Hong Kong,en,344,325,1843,0,25536,http://pbs.twimg.com/profile_images/678786571617763328/UwvcWgTw.jpg,http://pbs.twimg.com/profile_background_images/306270084/threadlessCatastrophe.jpg,https://pbs.twimg.com/profile_banners/47308267/1433863888/web,0,0,1,5720,01:41.6,-1,,en,0,[],16,0.0,False,,[0],True,-1
73,5.58007e+17,RT chequeen ElGatito Gratis para Android Muchas Gracias indiedev indiegame â€¦,05:09.0,1,5.58007e+17,GameEverStudio,59:19.0,94219325,AndroidMX,Android MÃ©xico,"Comunidad Android MÃ©xico, Evangelizando y mostrando el potencial de Android! De MÃ©xico para el mundo!",1,,,Mexico,Eastern Time (US & Canada),es,78143,71,1049,0,65976,http://pbs.twimg.com/profile_images/640801910144954368/szOHysSG.png,http://pbs.twimg.com/profile_background_images/433065867685793792/dRIMbDhq.jpeg,https://pbs.twimg.com/profile_banners/94219325/1417556880/web,1,0,0,8424,03:31.2,-1,,en,0,['http://t.co/RP6UK60oVX'],11,0.0,False,,[1],False,-1
74,4.63092e+17,RT Last chance XscapeToVegas Want win ultimate MJ Vegas weekend Learn,05:30.0,1,4.63085e+17,michaeljackson,20:57.0,598934289,agenciasenior,AgÃªncia Senior,"FaÃ§a parte dessa equipe, envie seu currÃ­culo ou portfÃ³lio para guilbert@agenciasenior.com",1,,,Brasil,Brasilia,pt,417,93,1936555,0,4831,http://pbs.twimg.com/profile_images/659369636371283968/Mkr32ckO.png,http://pbs.twimg.com/profile_background_images/470631885152862209/xrmo6Ero.jpeg,https://pbs.twimg.com/profile_banners/598934289/1446040849/web,1,0,0,11304,07:27.0,-1,,en,0,"['http://t.co/99FY8DrGAB!', 'http://tâ€¦']",11,0.26666666666666666,False,,[1],False,-1
75,5.40604e+17,RT alqarnee Ø®Ø·Ø¨ØªÙŠ Ø§Ù„Ø¬Ù…Ø¹Ø© ØºØ¯Ø§Ù‹ Ø¥Ù† Ø´Ø§Ø¡ Ø§Ù„Ù„Ù‡ Ø¨Ø§Ù„Ø®Ø±Ø·ÙˆÙ… Ù…Ø¬Ù…Ø¹ Ø®Ø§ØªÙ… Ø§Ù„Ù…Ø±Ø³Ù„ÙŠÙ† Ø¨Ø¹Ù†ÙˆØ§Ù†Ø£Ø¹Ø¸Ù… Ù…Ø¤ØªÙ…Ø± Ø¹Ø§Ù„Ù…ÙŠØªÙØ¨Ø« Ù…Ø¨Ø§Ø´Ø± Ø¹Ù„Ù‰ Ù‚Ù†Ø§Ø© Ø·ÙŠØ¨Ø© Ø¨Ø§Ù„ØªØ±Ø¯Ø¯Ø§Øªn,29:48.0,1,5.40544e+17,Dr_alqarnee,40:58.0,527773466,AbouAmmarr,Ø¯. Ø£Ø¨Ùˆ Ø¹Ù…Ø§Ø± Ø§Ù„Ø³ÙˆØ¯Ø§Ù†ÙŠ,Ø¯Ø§Ø¹ÙŠØ© Ø§Ø³Ù„Ø§Ù…ÙŠ ÙˆØµØ§Ø­Ø¨ Ø¨Ø±Ù†Ø§Ù…Ø¬ (Ù…Ù† Ø¯Ø§Ø®Ù„ Ø±ÙÙˆÙ…ÙŠÙ‘Ø©)ØŒ Ø£ÙˆÙ„ Ø¨Ø±Ù†Ø§Ù…Ø¬ Ø§Ø³Ù„Ø§Ù…ÙŠ Ø¹Ù„Ù‰ Ù‚Ù†Ø§Ø© Ø£ÙˆØ±ÙˆØ¨ÙŠØ© | http://t.co/Jyq4Ie9IzW,1,,,,Amsterdam,ar,2153969,457610,11943593,0,3716,http://pbs.twimg.com/profile_images/535475203027898368/gniDKrUW.jpeg,http://abs.twimg.com/images/themes/theme14/bg.gif,https://pbs.twimg.com/profile_banners/527773466/1416425543/web,1,0,0,8256,19:28.0,-1,,da,0,[],20,0.0,True,,[0],False,-1
76,4.1769e+17,RT amen Give extra coffee I shall go 13 hours brainstormer,12:46.0,1,4.16911e+17,marketingveep,33:42.0,16485985,ADDCA,ADD Coach Academy,"We are the Gold Standard in ADHD Coaching and we provide the most comprehensive, effective and field-tested ADHD coach training in the world.",0,,,"Albany, New York",Eastern Time (US & Canada),en,3784,41,8409,0,2681,http://pbs.twimg.com/profile_images/2606871108/jkhnfxuiecye36n08r5l.jpeg,http://abs.twimg.com/images/themes/theme4/bg.gif,,1,0,0,6936,32:57.3,-1,"""<a href=\""http://www.hootsuite.com""\"""" rel=""""""""nofollow"""""""">Hootsuite</a>""""""""""""""",en,0,[],11,0.0,False,,[1],True,-1
77,6.54583e+17,RT Does somebody need oneplustwo invite let know,00:41.0,1,6.54581e+17,strages33,47:47.0,18114762,Androidworld,Androidworld,Androidworld | Grootste Androidcommunity van de Benelux | AW Reader | Android | Nieuws | Reviews | Android apps en games | Android forum,1,,,Nederland,Amsterdam,nl,18543,480,168,0,29871,http://pbs.twimg.com/profile_images/669424076176408576/ZMrYXZxv.png,http://pbs.twimg.com/profile_background_images/873709499/c988d5ed1bf0f1411576df546816f314.png,https://pbs.twimg.com/profile_banners/18114762/1448438486/web,1,0,0,7880,42:40.2,-1,,en,0,[],8,0.0,False,,[1],False,-1
78,6.47753e+17,RT Verloren Samsung Galaxy S3 IDkaart via,40:07.0,1,6.47736e+17,PatrickKlijzing,47:47.0,18114762,Androidworld,Androidworld,Androidworld | Grootste Androidcommunity van de Benelux | AW Reader | Android | Nieuws | Reviews | Android apps en games | Android forum,1,,,Nederland,Amsterdam,nl,18543,480,185,0,29871,http://pbs.twimg.com/profile_images/669424076176408576/ZMrYXZxv.png,http://pbs.twimg.com/profile_background_images/873709499/c988d5ed1bf0f1411576df546816f314.png,https://pbs.twimg.com/profile_banners/18114762/1448438486/web,1,0,0,7856,42:44.0,-1,,nl,0,['http://t.co/DwS4aJaeSb'],7,0.0,False,,[1],True,-1
79,3.85502e+17,RT aldail aldail Ø®Ø§Ø¯Ù… Ø§Ù„Ø­Ø±Ù…ÙŠÙ† Ø§Ù„Ø´Ø±ÙŠÙÙŠÙ† Ù„Ø¯Ù‰ Ø§Ù„Ù†ÙŠØ¬Ø± ÙŠØ³Ù„Ù… Ø´ÙŠÙƒ Ù„Ø¨Ø±Ù†Ø§Ù…Ø¬ Ø§Ù„ØºØ°Ø§Ø¡,30:54.0,1,3.85494e+17,saud_aldail,40:58.0,527773466,AbouAmmarr,Ø¯. Ø£Ø¨Ùˆ Ø¹Ù…Ø§Ø± Ø§Ù„Ø³ÙˆØ¯Ø§Ù†ÙŠ,Ø¯Ø§Ø¹ÙŠØ© Ø§Ø³Ù„Ø§Ù…ÙŠ ÙˆØµØ§Ø­Ø¨ Ø¨Ø±Ù†Ø§Ù…Ø¬ (Ù…Ù† Ø¯Ø§Ø®Ù„ Ø±ÙÙˆÙ…ÙŠÙ‘Ø©)ØŒ Ø£ÙˆÙ„ Ø¨Ø±Ù†Ø§Ù…Ø¬ Ø§Ø³Ù„Ø§Ù…ÙŠ Ø¹Ù„Ù‰ Ù‚Ù†Ø§Ø© Ø£ÙˆØ±ÙˆØ¨ÙŠØ© | http://t.co/Jyq4Ie9IzW,1,,,,Amsterdam,ar,2153969,457610,1128,0,3716,http://pbs.twimg.com/profile_images/535475203027898368/gniDKrUW.jpeg,http://abs.twimg.com/images/themes/theme14/bg.gif,https://pbs.twimg.com/profile_banners/527773466/1416425543/web,1,0,0,7480,19:34.6,-1,,da,0,['http://t.co/iiUyofKEgzâ€¦Ø³Ù\x81ÙŠØ±'],12,0.0,True,,[1],False,-1
80,5.70356e+17,RT do3a1 1 allah2,52:40.0,1,5.70318e+17,Alyamama78,40:58.0,527773466,AbouAmmarr,Ø¯. Ø£Ø¨Ùˆ Ø¹Ù…Ø§Ø± Ø§Ù„Ø³ÙˆØ¯Ø§Ù†ÙŠ,Ø¯Ø§Ø¹ÙŠØ© Ø§Ø³Ù„Ø§Ù…ÙŠ ÙˆØµØ§Ø­Ø¨ Ø¨Ø±Ù†Ø§Ù…Ø¬ (Ù…Ù† Ø¯Ø§Ø®Ù„ Ø±ÙÙˆÙ…ÙŠÙ‘Ø©)ØŒ Ø£ÙˆÙ„ Ø¨Ø±Ù†Ø§Ù…Ø¬ Ø§Ø³Ù„Ø§Ù…ÙŠ Ø¹Ù„Ù‰ Ù‚Ù†Ø§Ø© Ø£ÙˆØ±ÙˆØ¨ÙŠØ© | http://t.co/Jyq4Ie9IzW,1,,,,Amsterdam,ar,2153969,457610,2630,0,3716,http://pbs.twimg.com/profile_images/535475203027898368/gniDKrUW.jpeg,http://abs.twimg.com/images/themes/theme14/bg.gif,https://pbs.twimg.com/profile_banners/527773466/1416425543/web,1,0,0,12120,19:26.4,-1,,so,0,['http://t.co/ePYKcMlcqn'],4,0.0,True,,[1],False,-1
81,5.65857e+17,RT Trying study Internet happensn,58:15.0,1,5.65782e+17,9GAG,49:47.0,47308267,alyssanity,Alyssa.,I have trust issues,1,,,,Hong Kong,en,344,325,6378754,0,25536,http://pbs.twimg.com/profile_images/678786571617763328/UwvcWgTw.jpg,http://pbs.twimg.com/profile_background_images/306270084/threadlessCatastrophe.jpg,https://pbs.twimg.com/profile_banners/47308267/1433863888/web,0,0,1,12000,01:29.0,-1,,en,0,"['http://t.co/3UsRidVFXT', 'http://t.co/j36lgha2SL']",5,0.0,False,,[1],True,-1
82,6.49818e+17,RT Person How I Met Your Mother sucksnMe,28:50.0,1,6.49808e+17,itsHIMYMquotes,49:47.0,47308267,alyssanity,Alyssa.,I have trust issues,1,,,,Hong Kong,en,344,325,411155,0,25536,http://pbs.twimg.com/profile_images/678786571617763328/UwvcWgTw.jpg,http://pbs.twimg.com/profile_background_images/306270084/threadlessCatastrophe.jpg,https://pbs.twimg.com/profile_banners/47308267/1433863888/web,0,0,1,10496,01:16.8,-1,,en,0,['http://t.co/BlT7edxPgd'],8,0.0,False,,[1],True,-1
83,5.45394e+17,RT Â¿Los mejores lanzamientos para Para PlayboyMX son estosâ€¦ Â¿tÃº que opinas,43:43.0,1,5.45308e+17,PlayboyMX,59:19.0,94219325,AndroidMX,Android MÃ©xico,"Comunidad Android MÃ©xico, Evangelizando y mostrando el potencial de Android! De MÃ©xico para el mundo!",1,,,Mexico,Eastern Time (US & Canada),es,78143,71,179722,0,65976,http://pbs.twimg.com/profile_images/640801910144954368/szOHysSG.png,http://pbs.twimg.com/profile_background_images/433065867685793792/dRIMbDhq.jpeg,https://pbs.twimg.com/profile_banners/94219325/1417556880/web,1,0,0,12328,03:33.6,-1,,es,0,"['http://t.co/zRZTYcagTH', 'http://t.co/4FWâ€¦']",12,0.0,False,,[1],True,-1
84,6.12278e+17,RT Life goals,18:09.0,1,6.12277e+17,Notebook,49:47.0,47308267,alyssanity,Alyssa.,I have trust issues,1,,,,Hong Kong,en,344,325,5617980,0,25536,http://pbs.twimg.com/profile_images/678786571617763328/UwvcWgTw.jpg,http://pbs.twimg.com/profile_background_images/306270084/threadlessCatastrophe.jpg,https://pbs.twimg.com/profile_banners/47308267/1433863888/web,0,0,1,10120,01:22.6,-1,,af,0,['http://t.co/arOvwFlgDk'],3,0.0,False,,[1],False,-1
85,4.89839e+17,RT I twirl hair help focus Weird I know,28:10.0,1,4.89022e+17,SageHillfarms,33:42.0,16485985,ADDCA,ADD Coach Academy,"We are the Gold Standard in ADHD Coaching and we provide the most comprehensive, effective and field-tested ADHD coach training in the world.",0,,,"Albany, New York",Eastern Time (US & Canada),en,3784,41,2596,0,2681,http://pbs.twimg.com/profile_images/2606871108/jkhnfxuiecye36n08r5l.jpeg,http://abs.twimg.com/images/themes/theme4/bg.gif,,1,0,0,6688,32:56.3,-1,"""<a href=\""http://www.hootsuite.com""\"""" rel=""""""""nofollow"""""""">Hootsuite</a>""""""""""""""",en,0,[],9,-0.5,False,,[1],True,-1
86,6.96699e+17,RT ADHD Permission Proceed via thank,17:44.0,1,6.95649e+17,whohearer,33:42.0,16485985,ADDCA,ADD Coach Academy,"We are the Gold Standard in ADHD Coaching and we provide the most comprehensive, effective and field-tested ADHD coach training in the world.",0,,,"Albany, New York",Eastern Time (US & Canada),en,3784,41,2505,0,2681,http://pbs.twimg.com/profile_images/2606871108/jkhnfxuiecye36n08r5l.jpeg,http://abs.twimg.com/images/themes/theme4/bg.gif,,1,0,0,7536,32:54.6,-1,"""<a href=\""http://www.hootsuite.com""\"""" rel=""""""""nofollow"""""""">Hootsuite</a>""""""""""""""",en,0,['https://t.co/PzOtINSxcE'],6,0.0,False,,[1],True,-1
87,6.64702e+17,RT â€œI fell hard youâ€,11:57.0,1,6.64609e+17,sixwordshort,49:47.0,47308267,alyssanity,Alyssa.,I have trust issues,1,,,,Hong Kong,en,344,325,507388,0,25536,http://pbs.twimg.com/profile_images/678786571617763328/UwvcWgTw.jpg,http://pbs.twimg.com/profile_background_images/306270084/threadlessCatastrophe.jpg,https://pbs.twimg.com/profile_banners/47308267/1433863888/web,0,0,1,5376,01:12.0,-1,,en,0,[],5,-0.2916666666666667,False,,[1],True,-1
88,5.26256e+17,RT org Ø­Ù…Ù„Ø© Ø´ÙŠÙ‘Ø¯Ø¨ÙŠØªØ§Ù‹Ù„Ù„Ù‡ ÙÙŠ Ø£ÙØ±ÙŠÙ‚ÙŠØ§ Ù…Ø³ØªÙ…Ø±Ø© Ù„Ø¨Ù†Ø§Ø¡ Ù…Ø³Ø¬Ø¯Ù‚Ø±ÙŠØ©Ø²Ø§Ù†ØºÙˆ ÙˆØ³Ù†Ø³ØªØ£Ù Ø§Ù„Ø­Ù…Ù„Ø© Ù„Ø¥ÙƒÙ…Ø§Ù„Ù‡Ø§ ÙˆØ§Ù„ØªÙŠ ØªÙˆÙ‚ÙØª Ù„Ø§Ø³Ø¨ÙˆØ¹ ÙˆØ°Ù„Ùƒ Ù„ØªØ­Ø¶ÙŠØ±Ù†Ø§ Ù„Ù…Ø¤Øªâ€¦,18:16.0,1,5.26256e+17,alumma_org,40:58.0,527773466,AbouAmmarr,Ø¯. Ø£Ø¨Ùˆ Ø¹Ù…Ø§Ø± Ø§Ù„Ø³ÙˆØ¯Ø§Ù†ÙŠ,Ø¯Ø§Ø¹ÙŠØ© Ø§Ø³Ù„Ø§Ù…ÙŠ ÙˆØµØ§Ø­Ø¨ Ø¨Ø±Ù†Ø§Ù…Ø¬ (Ù…Ù† Ø¯Ø§Ø®Ù„ Ø±ÙÙˆÙ…ÙŠÙ‘Ø©)ØŒ Ø£ÙˆÙ„ Ø¨Ø±Ù†Ø§Ù…Ø¬ Ø§Ø³Ù„Ø§Ù…ÙŠ Ø¹Ù„Ù‰ Ù‚Ù†Ø§Ø© Ø£ÙˆØ±ÙˆØ¨ÙŠØ© | http://t.co/Jyq4Ie9IzW,1,,,,Amsterdam,ar,2153969,457610,840,0,3716,http://pbs.twimg.com/profile_images/535475203027898368/gniDKrUW.jpeg,http://abs.twimg.com/images/themes/theme14/bg.gif,https://pbs.twimg.com/profile_banners/527773466/1416425543/web,1,0,0,6664,19:28.9,-1,,da,0,[],18,0.0,True,,[0],False,-1
89,6.66258e+17,RT,16:07.0,1,6.66258e+17,SincerelyTumblr,49:47.0,47308267,alyssanity,Alyssa.,I have trust issues,1,,,,Hong Kong,en,344,325,2316448,0,25536,http://pbs.twimg.com/profile_images/678786571617763328/UwvcWgTw.jpg,http://pbs.twimg.com/profile_background_images/306270084/threadlessCatastrophe.jpg,https://pbs.twimg.com/profile_banners/47308267/1433863888/web,0,0,1,10312,01:11.2,-1,,en,0,['https://t.co/rEVX2YrBfY'],1,0.0,False,,[1],True,-1
90,5.02084e+17,RT Featured game giveaway week FIFA15 free join,25:05.0,1,5.01712e+17,Freecdkey1,47:14.0,471046122,allkeyshop,allkeyshop,"compare and buy your cdkey at best price for digital download on Steam, Origin and much more",1,,,europe,Beijing,en-gb,35146,1292,11415,0,4526,http://pbs.twimg.com/profile_images/378800000633574468/59167e230c605c5cc0620f85f9cced14.png,http://pbs.twimg.com/profile_background_images/427588718/394090_264149196992246_263765593697273_639402_1544902047_n.jpg,https://pbs.twimg.com/profile_banners/471046122/1409577363/web,1,0,0,12760,54:40.3,-1,,en,0,"['http://t.co/H344rjfN3a', 'http://t.co/ylHXrâ€¦']",8,0.0,False,,[1],True,-1
91,5.43412e+17,RT Find best ADHD coach ADHD coach train prog accredit Intl Coach Fed,28:17.0,1,5.43085e+17,AttnTalkRadio,33:42.0,16485985,ADDCA,ADD Coach Academy,"We are the Gold Standard in ADHD Coaching and we provide the most comprehensive, effective and field-tested ADHD coach training in the world.",0,,,"Albany, New York",Eastern Time (US & Canada),en,3784,41,4903,0,2681,http://pbs.twimg.com/profile_images/2606871108/jkhnfxuiecye36n08r5l.jpeg,http://abs.twimg.com/images/themes/theme4/bg.gif,,1,0,0,7512,32:55.8,-1,"""<a href=\""http://www.hootsuite.com""\"""" rel=""""""""nofollow"""""""">Hootsuite</a>""""""""""""""",en,0,['http://t.co/kMOXTcey8â€¦'],13,1.0,False,,[0],True,-1
92,6.78787e+17,RT 3 takeaways Miss Universen1 So much change minuten2 mistaken3 rightfully wiâ€¦,59:54.0,1,6.78777e+17,bernardoclarice,49:47.0,47308267,alyssanity,Alyssa.,I have trust issues,1,,,,Hong Kong,en,344,325,204,0,25536,http://pbs.twimg.com/profile_images/678786571617763328/UwvcWgTw.jpg,http://pbs.twimg.com/profile_background_images/306270084/threadlessCatastrophe.jpg,https://pbs.twimg.com/profile_banners/47308267/1433863888/web,0,0,1,5856,01:08.8,-1,,en,0,[],12,0.2,False,,[1],True,-1
93,6.35585e+17,RT Ang kukulit ninyoï¿½ï¿½ï¿½ï¿½ï¿½ï¿½âœŒï¸ï¿½ï¿½ï¿½ï¿½ï¿½ï¿½nWisik ï¿½ï¿½ï¿½ï¿½ï¿½ï¿½ï¿½ï¿½ï¿½ï¿½ï¿½ï¿½ï¿½ï¿½ï¿½ï¿½ï¿½ï¿½ wisik ï¿½ï¿½ï¿½ï¿½ï¿½ï¿½ï¿½ï¿½ï¿½ï¿½ï¿½ï¿½ï¿½ï¿½ï¿½ï¿½ï¿½ï¿½ na langï¿½ï¿½ï¿½ï¿½ï¿½ï¿½ï¿½ï¿½ï¿½ï¿½ï¿½ï¿½ï¿½ï¿½ï¿½ï¿½ï¿½ï¿½nIll update hoursâ˜”ï¸â˜”ï¸â˜”ï¸ï¿½ï¿½ï¿½ï¿½ï¿½ï¿½ï¿½ï¿½ï¿½ï¿½ï¿½ï¿½ï¿½ï¿½ï¿½ï¿½ï¿½ï¿½,51:19.0,1,6.35576e+17,jonvicremulla,49:47.0,47308267,alyssanity,Alyssa.,I have trust issues,1,,,,Hong Kong,en,344,325,279098,0,25536,http://pbs.twimg.com/profile_images/678786571617763328/UwvcWgTw.jpg,http://pbs.twimg.com/profile_background_images/306270084/threadlessCatastrophe.jpg,https://pbs.twimg.com/profile_banners/47308267/1433863888/web,0,0,1,6232,01:19.3,-1,,ca,0,[],11,0.0,False,,[1],False,-1
94,5.25352e+17,RT org ØºØ¯Ø§Ù‹ Ø¥Ù† Ø´Ø§Ø¡ Ø§Ù„Ù„Ù‡ Ø³ÙŠØ®Ø·Ø¨ Ø§Ù„Ø¬Ù…Ø¹Ø© ÙÙŠ Ø§Ù„Ù…Ø±ÙƒØ² Ø§Ù„Ø¥Ø³Ù„Ø§Ù…ÙŠ Ù„Ù…Ø¯ÙŠÙ†Ø© Ø¨ÙŠØ§Ø´ÙŠÙ†Ø³Ø§ Ø§Ù„Ø¥ÙŠØ·Ø§Ù„ÙŠØ© Ø§Ù„Ø´ÙŠØ® Ø§Ø¨Ø±Ø§Ù‡ÙŠÙ… Ø§Ù„Ø²Ø¨ÙŠØ¯ÙŠ Ø¨Ø¯Ø¹ÙˆØ© Ù…Ù† Ø¬Ù…Ø¹ÙŠØ©Ø§Ù„Ø£Ù…Ø©Ø§Ù„Ø¹â€¦,24:41.0,1,5.25352e+17,alumma_org,40:58.0,527773466,AbouAmmarr,Ø¯. Ø£Ø¨Ùˆ Ø¹Ù…Ø§Ø± Ø§Ù„Ø³ÙˆØ¯Ø§Ù†ÙŠ,Ø¯Ø§Ø¹ÙŠØ© Ø§Ø³Ù„Ø§Ù…ÙŠ ÙˆØµØ§Ø­Ø¨ Ø¨Ø±Ù†Ø§Ù…Ø¬ (Ù…Ù† Ø¯Ø§Ø®Ù„ Ø±ÙÙˆÙ…ÙŠÙ‘Ø©)ØŒ Ø£ÙˆÙ„ Ø¨Ø±Ù†Ø§Ù…Ø¬ Ø§Ø³Ù„Ø§Ù…ÙŠ Ø¹Ù„Ù‰ Ù‚Ù†Ø§Ø© Ø£ÙˆØ±ÙˆØ¨ÙŠØ© | http://t.co/Jyq4Ie9IzW,1,,,,Amsterdam,ar,2153969,457610,840,0,3716,http://pbs.twimg.com/profile_images/535475203027898368/gniDKrUW.jpeg,http://abs.twimg.com/images/themes/theme14/bg.gif,https://pbs.twimg.com/profile_banners/527773466/1416425543/web,1,0,0,6488,19:28.9,-1,,da,0,[],20,0.0,True,,[0],False,-1
95,6.50226e+17,RT Sa susunod nga wag ninyong papaunahin ang UP nang hindi magmukhang weekly finals sa Showtime yung mga kasunod InitUloâ€¦,27:41.0,1,6.50219e+17,coachpido,49:47.0,47308267,alyssanity,Alyssa.,I have trust issues,1,,,,Hong Kong,en,344,325,26435,0,25536,http://pbs.twimg.com/profile_images/678786571617763328/UwvcWgTw.jpg,http://pbs.twimg.com/profile_background_images/306270084/threadlessCatastrophe.jpg,https://pbs.twimg.com/profile_banners/47308267/1433863888/web,0,0,1,6648,01:16.6,-1,,tl,0,[],20,0.0,False,,[0],False,-1
96,6.48863e+17,RT Heb je een Samsung Galaxy S6 Edge Luister vanavond naar de want ik geef een Gear VR weg Thnx â€¦,13:42.0,1,6.48861e+17,wardgeene,47:47.0,18114762,Androidworld,Androidworld,Androidworld | Grootste Androidcommunity van de Benelux | AW Reader | Android | Nieuws | Reviews | Android apps en games | Android forum,1,,,Nederland,Amsterdam,nl,18543,480,2953,0,29871,http://pbs.twimg.com/profile_images/669424076176408576/ZMrYXZxv.png,http://pbs.twimg.com/profile_background_images/873709499/c988d5ed1bf0f1411576df546816f314.png,https://pbs.twimg.com/profile_banners/18114762/1448438486/web,1,0,0,7680,42:43.3,-1,,nl,0,[],21,0.0,False,,[0],True,-1
97,6.97403e+17,RT Spoil consistency,52:59.0,1,6.9739e+17,PoemPorns,49:47.0,47308267,alyssanity,Alyssa.,I have trust issues,1,,,,Hong Kong,en,344,325,805243,0,25536,http://pbs.twimg.com/profile_images/678786571617763328/UwvcWgTw.jpg,http://pbs.twimg.com/profile_background_images/306270084/threadlessCatastrophe.jpg,https://pbs.twimg.com/profile_banners/47308267/1433863888/web,0,0,1,5768,01:07.1,-1,,en,0,[],3,0.0,False,,[1],True,-1
98,5.32233e+17,RT org Ø´ÙŠÙ‘Ø¯Ø¨ÙŠØªØ§Ù‹Ù„Ù„Ù‡nØ´Ø§Ù‡Ø¯ Ù†Ø¯Ø§Ø¡ Ø£Ù‡Ø§Ù„ÙŠ Ø¥Ø­Ø¯ÙŠ Ø§Ù„Ù‚Ø±Ù‰ Ø¨ØºØ±Ø¨ Ø£ÙØ±ÙŠÙ‚ÙŠØ§ Ù„Ø¨Ù†Ø§Ø¡ Ù…Ø³Ø¬Ø¯ Ù„Ù‡Ù… ÙÙŠ Ù‚Ø±ÙŠØªÙ‡Ù… ÙˆØ¨ØªÙƒÙ„ÙØ© Ø¬Ø¯Ù Ø²Ù‡ÙŠØ¯Ø©nnØ±ÙŠØªÙˆÙŠØª ØªØ¤Ø¬Ø±nn,07:05.0,1,5.32233e+17,alumma_org,40:58.0,527773466,AbouAmmarr,Ø¯. Ø£Ø¨Ùˆ Ø¹Ù…Ø§Ø± Ø§Ù„Ø³ÙˆØ¯Ø§Ù†ÙŠ,Ø¯Ø§Ø¹ÙŠØ© Ø§Ø³Ù„Ø§Ù…ÙŠ ÙˆØµØ§Ø­Ø¨ Ø¨Ø±Ù†Ø§Ù…Ø¬ (Ù…Ù† Ø¯Ø§Ø®Ù„ Ø±ÙÙˆÙ…ÙŠÙ‘Ø©)ØŒ Ø£ÙˆÙ„ Ø¨Ø±Ù†Ø§Ù…Ø¬ Ø§Ø³Ù„Ø§Ù…ÙŠ Ø¹Ù„Ù‰ Ù‚Ù†Ø§Ø© Ø£ÙˆØ±ÙˆØ¨ÙŠØ© | http://t.co/Jyq4Ie9IzW,1,,,,Amsterdam,ar,2153969,457610,840,0,3716,http://pbs.twimg.com/profile_images/535475203027898368/gniDKrUW.jpeg,http://abs.twimg.com/images/themes/theme14/bg.gif,https://pbs.twimg.com/profile_banners/527773466/1416425543/web,1,0,0,7192,19:28.6,-1,,da,0,[],18,0.0,True,,[0],False,-1
99,6.6298e+17,RT Herkennen jullie dit heb een probleem dat ik meet Android telefoon steeds opnieuw moet aanmelden door wijziging opâ€¦,09:04.0,1,6.62953e+17,rkieft,47:47.0,18114762,Androidworld,Androidworld,Androidworld | Grootste Androidcommunity van de Benelux | AW Reader | Android | Nieuws | Reviews | Android apps en games | Android forum,1,,,Nederland,Amsterdam,nl,18543,480,132,0,29871,http://pbs.twimg.com/profile_images/669424076176408576/ZMrYXZxv.png,http://pbs.twimg.com/profile_background_images/873709499/c988d5ed1bf0f1411576df546816f314.png,https://pbs.twimg.com/profile_banners/18114762/1448438486/web,1,0,0,6504,42:35.9,-1,,nl,0,[],19,0.0,False,,[0],True,-1
100,6.78787e+17,RT â€œPinatry ko lang sayo AKIN yanâ€œ,59:46.0,1,6.78779e+17,HugotDre,49:47.0,47308267,alyssanity,Alyssa.,I have trust issues,1,,,,Hong Kong,en,344,325,1233638,0,25536,http://pbs.twimg.com/profile_images/678786571617763328/UwvcWgTw.jpg,http://pbs.twimg.com/profile_background_images/306270084/threadlessCatastrophe.jpg,https://pbs.twimg.com/profile_banners/47308267/1433863888/web,0,0,1,10184,01:08.8,-1,,tl,0,['https://t.co/tWfuKLUs2l'],7,0.0,False,,[1],False,-1
101,6.64103e+17,RT Â¡Offline Maps llega MÃ©xico MuÃ©vete por el mundo sin estar conectado la red âž”,30:55.0,1,6.64095e+17,googlemexico,59:19.0,94219325,AndroidMX,Android MÃ©xico,"Comunidad Android MÃ©xico, Evangelizando y mostrando el potencial de Android! De MÃ©xico para el mundo!",1,,,Mexico,Eastern Time (US & Canada),es,78143,71,84297,0,65976,http://pbs.twimg.com/profile_images/640801910144954368/szOHysSG.png,http://pbs.twimg.com/profile_background_images/433065867685793792/dRIMbDhq.jpeg,https://pbs.twimg.com/profile_banners/94219325/1417556880/web,1,0,0,12112,03:18.5,-1,,es,0,"['https://t.co/C8XOD6P5m0', 'https://t.co/oeâ€¦']",15,0.0,False,,[0],True,-1
102,5.09065e+17,RT I believe person I want become,43:58.0,1,4.37952e+17,LanaDReyCrew,49:47.0,47308267,alyssanity,Alyssa.,I have trust issues,1,,,,Hong Kong,en,344,325,147389,0,25536,http://pbs.twimg.com/profile_images/678786571617763328/UwvcWgTw.jpg,http://pbs.twimg.com/profile_background_images/306270084/threadlessCatastrophe.jpg,https://pbs.twimg.com/profile_banners/47308267/1433863888/web,0,0,1,6416,01:42.4,-1,,en,0,[],7,0.0,False,,[1],True,-1
103,6.9982e+17,RT 1 DJs World come Manila CloseupForeverSummer NowOrNever,58:09.0,1,6.99817e+17,Manilaconcerts,49:47.0,47308267,alyssanity,Alyssa.,I have trust issues,1,,,,Hong Kong,en,344,325,134516,0,25536,http://pbs.twimg.com/profile_images/678786571617763328/UwvcWgTw.jpg,http://pbs.twimg.com/profile_background_images/306270084/threadlessCatastrophe.jpg,https://pbs.twimg.com/profile_banners/47308267/1433863888/web,0,0,1,11384,01:06.9,-1,,en,0,['https://t.co/sKa6pamDkQ'],8,0.0,False,,[1],True,-1
104,3.23831e+17,RT Self regulation ability pause pay attn mind body aco2013,10:22.0,1,3.23098e+17,ImpactADHD,33:42.0,16485985,ADDCA,ADD Coach Academy,"We are the Gold Standard in ADHD Coaching and we provide the most comprehensive, effective and field-tested ADHD coach training in the world.",0,,,"Albany, New York",Eastern Time (US & Canada),en,3784,41,5701,0,2681,http://pbs.twimg.com/profile_images/2606871108/jkhnfxuiecye36n08r5l.jpeg,http://abs.twimg.com/images/themes/theme4/bg.gif,,1,0,0,6832,32:59.0,-1,"""<a href=\""http://www.hootsuite.com""\"""" rel=""""""""nofollow"""""""">Hootsuite</a>""""""""""""""",en,0,[],10,0.0,False,,[1],True,-1
105,6.50317e+17,RT Bayang Magiliw LabanPilipinas,31:35.0,1,6.50274e+17,coachot,49:47.0,47308267,alyssanity,Alyssa.,I have trust issues,1,,,,Hong Kong,en,344,325,174861,0,25536,http://pbs.twimg.com/profile_images/678786571617763328/UwvcWgTw.jpg,http://pbs.twimg.com/profile_background_images/306270084/threadlessCatastrophe.jpg,https://pbs.twimg.com/profile_banners/47308267/1433863888/web,0,0,1,10272,01:16.1,-1,,tl,0,['http://t.co/o6aUzUMyDs'],4,0.0,False,,[1],False,-1
